,Date Reported,Action,Predicted,10 Day Change Abnormal
45162,2019-01-03,0,0,0.009170918188833532
51214,2019-01-03,1,1,0.07983974684590422
51104,2019-01-03,0,0,-0.19836092966358
51023,2019-01-04,1,1,0.05733468278116227
44281,2019-01-07,0,0,-0.0522403823130998
2504,2019-01-08,1,0,0.05542915233747436
33014,2019-01-08,0,0,-0.12528493328330736
50939,2019-01-08,0,0,-0.16012027174619148
9290,2019-01-08,1,1,0.2428239040793514
51131,2019-01-09,1,0,0.182980375078595
50995,2019-01-09,0,1,-0.1376738460018081
51187,2019-01-09,0,0,0.01280119054854234
16404,2019-01-09,1,1,0.06202302596220166
32108,2019-01-09,0,0,-0.05687340765153537
34735,2019-01-09,1,0,0.03975048432755268
51159,2019-01-09,1,0,0.11475322968278157
51296,2019-01-09,1,0,0.03628240601905852
51433,2019-01-10,1,0,0.17855629629376746
50816,2019-01-11,1,0,0.06043799204414313
51474,2019-01-14,1,0,0.08901980708743107
32219,2019-01-14,1,1,0.08629645908340278
50540,2019-01-14,1,0,0.10229001056814258
50844,2019-01-15,0,0,-0.08725187701749137
50456,2019-01-15,0,0,-0.009970467224632351
50400,2019-01-15,0,0,0.0012992134383431608
50568,2019-01-15,0,1,-0.01413097147843767
50512,2019-01-15,0,0,-0.011417462313288329
51446,2019-01-15,0,0,0.01744414453184473
50624,2019-01-16,0,0,0.02138388667519653
50676,2019-01-16,1,0,0.07801965627741092
46249,2019-01-16,0,0,-0.0033756624384475575
46169,2019-01-16,1,0,0.0702267674096233
46089,2019-01-16,0,0,0.013908782814754383
45800,2019-01-16,1,0,0.08937405978361856
45828,2019-01-16,1,0,0.04750198449887022
45856,2019-01-16,0,0,0.004970702972211916
45977,2019-01-16,0,0,0.011623291614564213
50484,2019-01-16,1,0,0.10344700371354221
46033,2019-01-16,0,0,-0.024682355086282914
45924,2019-01-16,1,0,0.04038059848987641
44334,2019-01-16,0,0,-0.030288723920638194
51351,2019-01-16,0,0,0.014003295559566142
40967,2019-01-17,0,0,-0.026775420777227943
42731,2019-01-17,1,0,0.031818299657209836
46909,2019-01-17,0,0,-0.016678164078954616
46301,2019-01-17,0,0,-0.0363016328443746
51379,2019-01-17,0,0,-0.07493076670311127
51048,2019-01-17,0,0,-0.15272306142950065
46657,2019-01-17,1,0,0.07168912770706881
50788,2019-01-17,1,0,0.06422290509981932
46577,2019-01-17,0,0,-0.00897331344197494
46385,2019-01-17,0,0,-0.011954990671771526
46497,2019-01-17,1,0,0.03904979406714415
45744,2019-01-17,1,0,0.06798239450977883
31884,2019-01-18,1,1,0.09246284271360317
46825,2019-01-18,1,0,0.07939999203356796
41016,2019-01-18,1,0,0.06271108686515015
41128,2019-01-18,1,0,0.0807914329007886
50760,2019-01-18,0,0,-0.0012391720351354607
40939,2019-01-18,1,0,0.08628682378187702
50648,2019-01-22,0,0,-0.07291132425409996
47804,2019-01-22,0,0,-0.053692113625403826
41184,2019-01-22,1,1,0.045565132187209034
35490,2019-01-22,1,0,0.1915725221208413
42978,2019-01-22,1,1,0.1995548379387342
40041,2019-01-22,1,0,0.1161398319052298
41240,2019-01-22,1,0,0.0466341359066722
29398,2019-01-22,1,1,0.10423495152480955
31563,2019-01-22,1,0,0.031160900159606042
42320,2019-01-22,0,0,0.0014440025964321812
48306,2019-01-22,0,0,-0.1158610014151854
50428,2019-01-22,0,0,-0.018681302074681216
45772,2019-01-22,1,0,0.07636874532365812
44390,2019-01-23,0,0,0.018329650411544218
43308,2019-01-23,1,1,0.17295702710855565
43336,2019-01-23,0,0,-0.0763309919895725
45633,2019-01-23,0,0,-0.0004476102100037238
43364,2019-01-23,0,0,-0.030041635119721022
10550,2019-01-23,0,0,-0.19027629072405006
42703,2019-01-23,1,0,0.10244747055813175
45577,2019-01-23,0,0,-0.20888633402067058
41568,2019-01-23,1,0,0.03765511135972721
43252,2019-01-23,0,0,-0.041076705917626244
45912,2019-01-23,0,0,-0.008495807570780611
32958,2019-01-23,0,0,-0.06117474914679899
41596,2019-01-23,1,1,0.0455599464017542
42927,2019-01-23,0,0,-0.025562137629762893
44418,2019-01-23,1,0,0.036469728135112955
43196,2019-01-23,1,0,0.09811612516463408
36036,2019-01-24,1,0,0.04562448160038368
41100,2019-01-24,0,1,-0.02003648025323601
46601,2019-01-24,0,0,-0.022777270481114886
50024,2019-01-24,0,0,0.00968543710337677
41820,2019-01-24,1,0,0.09283960772606048
43669,2019-01-24,0,0,-0.08405218356742417
46469,2019-01-24,1,0,0.041198866569557735
47301,2019-01-24,1,0,0.11305583128540331
47049,2019-01-24,0,0,-0.05347173372189662
36701,2019-01-24,1,0,0.05956660764980115
47245,2019-01-24,1,0,0.07083389672992402
46329,2019-01-24,0,0,-0.031356734504707884
51076,2019-01-24,0,0,-0.14004294401549777
48963,2019-01-24,0,0,0.02880015965388849
26968,2019-01-24,0,0,0.012758842815259408
48655,2019-01-24,0,0,-0.2078127297468958
32443,2019-01-25,0,0,0.022379375897787046
46552,2019-01-25,0,0,-0.003656611559232692
9693,2019-01-25,0,0,-0.11139780618813644
42125,2019-01-25,0,0,-0.036801510564251516
8418,2019-01-25,0,0,-0.07771411998936884
14698,2019-01-25,0,0,-0.005288030721610104
9805,2019-01-25,1,0,0.08206096638569194
40698,2019-01-28,0,0,-0.04460871790093435
43224,2019-01-28,0,0,-0.07244654844416842
42013,2019-01-28,1,0,0.08171360418621054
13835,2019-01-28,1,0,0.03655430162732998
12402,2019-01-28,0,0,-0.0476839220184867
31105,2019-01-28,1,0,0.05909601935373732
41296,2019-01-28,0,0,0.0023607972380788045
31480,2019-01-28,0,0,-0.058412079037562514
43977,2019-01-28,0,0,0.0030591045849710508
7216,2019-01-29,1,1,0.09545955574729881
47217,2019-01-29,0,0,-0.10731565628772255
43280,2019-01-29,1,0,0.1555794041272187
32660,2019-01-29,0,0,-0.06463948013245147
43140,2019-01-29,1,0,0.08566712720896374
32526,2019-01-29,1,0,0.10598384744054701
41764,2019-01-29,0,0,-0.01015972526081721
33126,2019-01-29,1,0,0.08256153000539523
42647,2019-01-29,1,0,0.05549466318654206
34209,2019-01-29,0,0,-0.010624091292174453
50184,2019-01-29,0,0,0.022299670026890706
41929,2019-01-29,0,0,-0.04248699271215883
35980,2019-01-29,1,0,0.05362197533955926
35295,2019-01-29,1,0,0.031669486460836005
31856,2019-01-29,0,0,-0.09892463925287853
18767,2019-01-29,0,0,-0.0531820545472631
47469,2019-01-29,0,0,-0.13509812946850797
34032,2019-01-29,0,0,0.011565218852545023
33622,2019-01-29,1,0,0.09610041441105488
50239,2019-01-29,0,0,-0.016654636581980187
43529,2019-01-29,0,0,-0.009829938130221594
47441,2019-01-29,0,0,0.021264635044658364
43061,2019-01-30,0,0,-0.043580880116209086
43033,2019-01-30,0,0,-0.15134951389518425
43112,2019-01-30,1,1,0.07403597077745405
43084,2019-01-30,0,0,-0.054661983214788656
47748,2019-01-30,1,0,0.04871332954487673
33098,2019-01-30,1,1,0.10507206167413008
36234,2019-01-30,1,0,0.11889778648676641
36178,2019-01-30,0,0,0.02757044052783164
34598,2019-01-30,1,0,0.05874363853836062
30719,2019-01-30,0,0,0.0193486547393662
41540,2019-01-30,0,0,-0.021291760281467287
37906,2019-01-30,1,0,0.05218353076020654
10778,2019-01-30,1,0,0.032189910274237565
37361,2019-01-30,0,1,0.013361970899522513
43893,2019-01-30,0,0,0.008129502214718531
37990,2019-01-30,1,0,0.08510405623447026
37333,2019-01-30,0,0,0.025003026159865938
9637,2019-01-30,1,0,0.0658036205821999
43557,2019-01-30,0,0,-0.04740473173361459
21699,2019-01-30,0,0,-0.13729731144695412
36008,2019-01-30,1,1,0.09617913381668575
43392,2019-01-30,0,0,0.024001353265392433
47105,2019-01-30,0,0,-0.052462063338245546
35022,2019-01-31,1,0,0.04274003305296947
41652,2019-01-31,1,0,0.0490060674015218
48991,2019-01-31,0,0,-0.1415979907917836
26800,2019-01-31,0,0,-0.024864843184397634
47776,2019-01-31,1,1,0.20776546838863275
47552,2019-01-31,0,0,-0.05232205632791287
47357,2019-01-31,1,1,0.17389982477307409
36083,2019-01-31,1,0,0.1034207013282431
47524,2019-01-31,0,0,0.027283907196094415
5918,2019-01-31,0,0,-0.1668390466888503
32578,2019-01-31,1,0,0.031131092538650984
48470,2019-01-31,1,0,0.11329429759900456
47385,2019-01-31,1,0,0.08114415437037636
47021,2019-01-31,0,0,-0.06927051721265043
32851,2019-01-31,0,0,0.002271988767202693
26371,2019-01-31,0,0,0.0118476559404177
9665,2019-02-01,0,0,0.016996415033985413
27750,2019-02-01,0,0,0.013408035016746256
13671,2019-02-01,0,0,0.008014492895214165
27485,2019-02-01,0,0,-0.03133714935409082
32024,2019-02-01,0,0,-0.013786524024242963
18795,2019-02-01,1,0,0.07350988664046754
46441,2019-02-01,0,0,0.0014946696880493437
32823,2019-02-01,0,0,-0.01509979143699347
28480,2019-02-01,1,0,0.09432101845740681
9721,2019-02-01,0,0,0.019253260011767637
5724,2019-02-01,0,0,-0.06466177219144031
7588,2019-02-01,0,1,0.003851004594153329
47664,2019-02-01,1,0,0.035125707570429654
12292,2019-02-04,1,1,0.06787877576958645
19965,2019-02-04,0,0,0.020001905954061483
19336,2019-02-04,1,0,0.08471853143464347
40671,2019-02-04,0,0,-0.00036305943903047755
38972,2019-02-04,1,1,0.09391937981929988
22801,2019-02-04,0,0,-0.08790643249812813
11236,2019-02-04,1,0,0.03486118658268489
43725,2019-02-04,1,1,0.04651164463908053
31240,2019-02-04,0,0,-0.025656465769714254
12835,2019-02-04,0,0,0.018055624661086345
30335,2019-02-04,0,1,0.025384022468951883
40385,2019-02-04,0,0,-0.05115558482319438
47133,2019-02-04,0,0,-0.04668964040156143
11438,2019-02-04,0,1,-0.07265763895247368
31535,2019-02-04,0,0,-0.08747211439580338
8760,2019-02-04,1,0,0.05136447691770818
26662,2019-02-05,0,0,-0.0761067015333009
13223,2019-02-05,0,0,-0.03251310089945747
32606,2019-02-05,0,0,-0.1386016514815248
42041,2019-02-05,0,1,-0.02508692218918851
26912,2019-02-05,1,0,0.16060138045521777
27778,2019-02-05,0,0,-0.13001762728037203
27197,2019-02-05,0,0,0.004031039610528087
41512,2019-02-05,1,1,0.40992113030035826
47916,2019-02-05,0,0,0.0006459452752030082
8079,2019-02-05,1,0,0.18834490689960148
9833,2019-02-05,0,0,-0.17518403229808355
30401,2019-02-06,1,0,0.04287477265410633
25902,2019-02-06,0,0,-0.06448801275711247
13304,2019-02-06,0,0,0.008892838273955928
26057,2019-02-06,0,0,-0.007518298456403505
38522,2019-02-06,1,0,0.05762610879253183
43697,2019-02-06,1,0,0.05257332994492292
18808,2019-02-06,1,0,0.06327433734314769
32632,2019-02-06,0,0,-0.08391397135910805
43949,2019-02-06,0,0,-0.027325120500697242
36206,2019-02-06,1,0,0.05292222443314909
48823,2019-02-06,1,0,0.05594892074073665
3593,2019-02-06,1,0,0.0644403808743157
43781,2019-02-06,0,0,0.004040019250838522
13883,2019-02-06,1,1,0.17617538144795208
30440,2019-02-06,0,1,-0.002237385232133793
41493,2019-02-06,1,1,0.06973521486032142
3705,2019-02-06,0,0,-0.026490543399629418
17951,2019-02-06,1,0,0.07563537542040688
37934,2019-02-06,0,0,0.022897935423284332
36374,2019-02-06,0,0,-0.08869697165606483
32904,2019-02-06,0,0,0.0207317746778084
38466,2019-02-07,0,0,-0.01607085750678494
47077,2019-02-07,0,0,-0.054254333685591516
33488,2019-02-07,1,1,0.21032520549727973
33432,2019-02-07,0,0,-0.12382473017597528
21874,2019-02-07,1,0,0.10265343623533263
46357,2019-02-07,1,0,0.04745648125009172
36290,2019-02-07,0,0,-0.006588425089532723
30426,2019-02-07,0,0,0.02843971320664629
26718,2019-02-07,0,0,-0.07833418731604469
22333,2019-02-07,0,0,-0.014715377862958068
26690,2019-02-07,0,0,-0.016741114459691175
6663,2019-02-07,0,0,-0.05480763205239636
25186,2019-02-07,0,0,-0.059600874108673985
30468,2019-02-07,0,0,-0.02648507046937376
7462,2019-02-07,0,0,-0.13221689800175396
15463,2019-02-07,1,0,0.033795044636687255
18170,2019-02-08,0,0,-0.09245394979704835
7968,2019-02-08,1,0,0.06359841910641162
7672,2019-02-08,1,1,0.1426351145111746
41957,2019-02-08,0,0,-0.02373806901005615
32052,2019-02-08,0,1,-0.01035853646542706
31940,2019-02-08,0,0,-0.10935447749531013
28508,2019-02-08,0,0,1.883485777631755e-05
32164,2019-02-08,0,0,-0.04799152327239464
24773,2019-02-08,1,0,0.2564760123621661
10143,2019-02-08,0,0,-0.037748677700755184
10171,2019-02-08,1,0,0.11626492877287298
43753,2019-02-08,1,0,0.19649099464334685
33706,2019-02-11,0,1,-0.08220246958375599
11260,2019-02-11,1,0,0.04186902599852993
10965,2019-02-11,1,1,0.16875332537842347
12374,2019-02-11,1,0,0.1044344762321825
9291,2019-02-11,0,0,-0.026385433922452295
30608,2019-02-11,0,0,-0.19355186914609213
32767,2019-02-11,0,1,-0.01195914424397837
30794,2019-02-11,0,0,-0.013957819276164463
14329,2019-02-11,1,1,0.3414741784789157
31049,2019-02-11,0,1,-0.08220034482708416
13251,2019-02-12,0,0,-0.0686416401345038
32550,2019-02-12,1,1,0.06344381968457213
7378,2019-02-12,1,1,0.048268487854114195
23687,2019-02-12,0,0,-0.004437502031994445
32136,2019-02-12,0,0,-0.015791797303786215
22661,2019-02-12,0,0,-0.015403767903565457
3945,2019-02-12,1,0,0.08515162966221146
50596,2019-02-12,0,0,-0.079796266395737
18032,2019-02-12,1,1,0.09456475442579793
33678,2019-02-12,1,1,0.08434619774408025
21958,2019-02-12,0,0,-0.030938243809073396
36913,2019-02-12,0,1,-0.08120330212326154
36055,2019-02-12,0,0,0.0016146065922282293
20480,2019-02-12,1,0,0.14316709808888772
37193,2019-02-13,0,0,-0.022681987821299376
24350,2019-02-13,0,0,-0.11859918528753066
51560,2019-02-13,0,0,-0.2084515467460859
44913,2019-02-13,0,0,-0.11565800185581598
23515,2019-02-13,0,1,-0.2701966894447322
7009,2019-02-13,0,0,0.006085766087406297
22775,2019-02-13,0,0,-0.08569570591232434
13360,2019-02-13,0,1,0.02892615945961463
27513,2019-02-13,1,0,0.03782523206043287
27985,2019-02-13,0,1,0.011768339489246493
7121,2019-02-13,0,0,-0.022299346044060475
40094,2019-02-13,0,0,-0.08946666081281096
13439,2019-02-13,0,0,-0.1446949659638631
7065,2019-02-13,0,0,-0.02298683192835793
38615,2019-02-13,1,1,0.09789850758415186
30055,2019-02-13,0,0,0.00039861417245146136
21780,2019-02-13,0,0,-0.1819985308929789
47273,2019-02-14,0,0,-0.1420819106052874
26343,2019-02-14,1,0,0.17245867412938876
6106,2019-02-14,1,0,0.055463645994923594
8148,2019-02-14,0,0,-0.005292345779378538
7644,2019-02-14,0,0,-0.008901258591008654
6597,2019-02-14,1,0,0.0379943928036921
40911,2019-02-14,0,0,-0.07527020801118212
22030,2019-02-14,1,1,0.1716993426584017
13995,2019-02-14,0,0,-0.004524098243298358
30001,2019-02-14,0,0,-0.006243484573863478
6162,2019-02-14,0,0,-0.028410186993649833
40311,2019-02-14,0,0,-0.02890712230418291
26634,2019-02-14,1,0,0.0536156849103242
43641,2019-02-14,0,0,0.013925286369418144
27108,2019-02-14,1,1,0.12162551258643584
22549,2019-02-14,1,0,0.1251870892554987
17601,2019-02-14,1,0,0.034701711639851585
30747,2019-02-14,1,0,0.07212548369103255
37417,2019-02-14,0,0,-0.046153155616286745
39623,2019-02-14,1,0,0.07727159349268486
30850,2019-02-14,0,0,-0.1670169173025694
38298,2019-02-15,1,0,0.04012374198174662
40177,2019-02-15,1,0,0.03073263116550118
50967,2019-02-15,0,0,0.006095953080073713
18114,2019-02-15,0,0,-0.0015631581615696
3360,2019-02-15,0,0,-0.0577812563762401
7862,2019-02-15,0,0,-0.010706903474728247
10578,2019-02-15,0,0,0.00041572958424307416
7783,2019-02-15,0,0,-0.05535639411607751
11881,2019-02-18,0,0,0.014556815080040808
37305,2019-02-18,0,0,-0.0741591146168794
11814,2019-02-18,0,0,-0.002384075730908597
30496,2019-02-18,0,0,-0.0400596513839615
31591,2019-02-19,1,1,0.04395579135508365
6134,2019-02-19,1,0,0.05310825064059754
41465,2019-02-19,0,0,-0.04414332176989155
34707,2019-02-19,1,0,0.07417492008730009
41212,2019-02-19,1,0,0.07881912300418059
17979,2019-02-19,1,0,0.11268156075657276
49830,2019-02-19,0,0,-0.014604066465139898
28344,2019-02-20,1,0,0.2844767256290479
3444,2019-02-20,0,0,0.004741415164709384
21804,2019-02-20,0,0,-0.05542549008222164
21902,2019-02-20,1,1,0.07304769778512621
29873,2019-02-20,0,0,-0.017562428755409698
21752,2019-02-20,0,0,-0.039244959421399384
7244,2019-02-20,0,0,-0.20038734823476978
31673,2019-02-20,0,0,0.020033606656043368
33572,2019-02-20,1,0,0.1392956328845123
36402,2019-02-20,1,1,0.17278888600507636
26884,2019-02-20,0,0,-0.10192320468340721
10805,2019-02-20,0,0,-0.08698393516851233
3004,2019-02-20,0,1,0.004148112447810881
17420,2019-02-20,0,1,0.007099534369741978
4260,2019-02-21,1,1,0.049202221335413965
13411,2019-02-21,1,0,0.25148108918702006
13383,2019-02-21,1,1,0.3787588045896566
18454,2019-02-21,0,1,0.021551219550149048
47189,2019-02-21,1,0,0.0896469299242888
21643,2019-02-21,1,0,0.35528545271743406
38566,2019-02-21,1,1,0.29331160000893597
14913,2019-02-21,1,1,0.08824162048638717
32688,2019-02-21,1,0,0.0326931876542762
21671,2019-02-21,0,0,-0.0579612847009332
13967,2019-02-21,0,0,-0.002055355982652607
28316,2019-02-21,0,0,-0.0164540826638937
22493,2019-02-21,0,0,-0.05398617565380914
50900,2019-02-21,0,0,-0.14185709771331745
22633,2019-02-21,0,1,-0.07998858156876021
28396,2019-02-22,0,0,-0.09511221404199977
39490,2019-02-22,1,0,0.12705139316681202
7811,2019-02-22,1,0,0.041498150586590565
18226,2019-02-22,0,0,-0.03866051962209305
9859,2019-02-22,1,0,0.034313652756908786
48140,2019-02-22,0,0,-0.014599747905150062
26495,2019-02-22,1,0,0.2533436170533263
33762,2019-02-22,0,0,-0.029990790655766375
42512,2019-02-25,1,1,0.15889654514706164
11316,2019-02-25,0,0,-0.11743639390341398
13753,2019-02-25,0,0,-0.23209056007735873
12078,2019-02-25,0,0,-0.02117645087384501
11208,2019-02-25,1,0,0.14153199172667286
35323,2019-02-25,0,0,-0.05064686052882361
36262,2019-02-25,1,0,0.24738196651031719
36506,2019-02-25,1,0,0.06563808585222386
39353,2019-02-26,0,0,-0.001131463038638092
24661,2019-02-26,0,0,-0.07017103909094657
24134,2019-02-26,0,0,-0.019033026033275613
12208,2019-02-26,0,0,0.0008253447264845448
13467,2019-02-26,0,0,-0.039564619354940156
5095,2019-02-26,0,0,-0.0010682498777347949
18198,2019-02-26,0,0,-0.12119045504893933
38696,2019-02-26,0,0,4.284666002152271e-05
18344,2019-02-26,0,0,-0.3567663551825243
20146,2019-02-26,0,0,-0.166053920740588
22086,2019-02-26,0,0,-0.03957461312257393
3388,2019-02-26,1,1,0.11638072075767503
4165,2019-02-27,1,0,0.12973896688471598
4109,2019-02-27,0,0,-0.16856480339255409
4081,2019-02-27,0,0,-0.17068113918292427
13279,2019-02-27,0,0,-0.12933909814286426
21629,2019-02-27,1,0,0.06689344736903191
24553,2019-02-27,1,1,0.10361388361059776
24824,2019-02-27,0,0,0.025704338775697666
21724,2019-02-27,0,0,-0.0928975616490868
24215,2019-02-27,0,0,0.027773185387975463
22058,2019-02-28,0,0,-0.13102944621927337
6026,2019-02-28,1,1,0.11127921489491288
3461,2019-02-28,0,0,-0.3888786112783912
13727,2019-02-28,0,0,-0.12636971736359903
1953,2019-02-28,0,0,-0.034691088309980356
5640,2019-02-28,1,0,0.07176723680296537
6054,2019-02-28,1,0,0.10802833212640905
19173,2019-02-28,0,0,-0.10761191461379715
4212,2019-02-28,0,0,-0.025464351778422545
4025,2019-02-28,1,0,0.044195384978229946
5535,2019-02-28,1,0,0.04057615705965545
10833,2019-02-28,0,0,0.024123554068084863
36122,2019-02-28,0,0,-0.11742570577440625
5451,2019-02-28,0,1,-0.01684025173768733
10992,2019-03-01,0,0,-0.07430005228774827
3761,2019-03-01,1,0,0.049242804757517744
16606,2019-03-01,1,0,0.20334887577930383
16689,2019-03-01,1,1,0.08078633389657286
8949,2019-03-01,1,0,0.5160944731862502
1925,2019-03-04,0,0,-0.02531224425840395
8653,2019-03-04,1,0,0.15843523731581755
16221,2019-03-04,0,0,-0.24173864227920716
11152,2019-03-04,1,0,0.0311116494978827
12486,2019-03-04,0,0,-0.027069464503740148
7037,2019-03-04,1,1,0.2425948211799407
8227,2019-03-04,1,0,0.11725315401029945
17713,2019-03-04,0,0,0.013014186374121106
3973,2019-03-04,0,0,-0.059226763936023774
49047,2019-03-05,0,0,-0.08232157094299475
6398,2019-03-05,1,0,0.04271484105626855
2043,2019-03-05,0,1,0.01620185251935502
1174,2019-03-05,0,1,-0.08516122821811867
22719,2019-03-05,0,1,-0.087651943133088
24268,2019-03-05,0,0,-0.06350052364447134
6292,2019-03-05,1,0,0.047704363215424817
865,2019-03-05,0,0,-0.030199010522613534
19617,2019-03-06,1,0,0.0821966260729341
2420,2019-03-06,0,1,-0.0008989560407542951
3263,2019-03-06,0,0,-0.11477389341194111
2280,2019-03-06,1,0,0.24018769399821704
25342,2019-03-06,0,0,-0.029648431815460397
2576,2019-03-06,1,0,0.14564485953223705
37878,2019-03-06,0,0,-0.12087590068286691
6448,2019-03-06,1,0,0.2893420647163092
28152,2019-03-07,0,0,-0.15930467800247283
13779,2019-03-07,0,0,-0.042082452408823245
17546,2019-03-07,1,1,0.03253693444524286
2246,2019-03-07,0,1,-0.05517643755128532
25666,2019-03-07,1,0,0.041699400742085
24038,2019-03-07,0,0,-0.011222318485478167
4456,2019-03-07,0,0,-0.11121830924675513
23433,2019-03-07,0,0,-0.0753918772135308
8379,2019-03-07,0,0,-0.30240762117598763
781,2019-03-07,1,1,0.07040946483657906
14313,2019-03-07,0,0,-0.1197635961329766
6903,2019-03-07,0,1,-0.12624625539118117
1423,2019-03-08,1,0,0.054606620730612954
1602,2019-03-08,0,0,-0.15007909115645335
977,2019-03-08,0,0,-0.10770903009487742
1546,2019-03-08,1,1,0.16981327278408231
3304,2019-03-11,0,0,-0.03772634243117601
20174,2019-03-11,1,0,0.06947396372389258
17039,2019-03-11,0,0,-0.10867835798319714
15353,2019-03-11,1,0,0.27403162120155844
1354,2019-03-11,1,0,0.25461779655984396
12723,2019-03-11,0,0,-0.12910771306629965
4137,2019-03-12,0,0,-0.10498840491244354
4184,2019-03-12,1,0,0.07080977157481883
51475,2019-03-12,1,0,0.04515386045569114
19145,2019-03-12,1,0,0.11100852122506821
9428,2019-03-12,1,0,0.03477295489581134
9317,2019-03-12,0,0,-0.027348893106894923
2265,2019-03-13,0,1,-0.20920697453919768
9609,2019-03-13,1,1,0.03133087378341548
8472,2019-03-13,0,0,0.013305602430011998
17620,2019-03-13,0,0,-0.04640525833298881
2806,2019-03-13,0,0,-0.140715539868549
1314,2019-03-13,1,1,0.39849303031153727
8709,2019-03-13,0,1,-0.08325701202463431
1367,2019-03-13,1,0,0.2946388555313375
949,2019-03-14,0,0,-0.050628065505887165
809,2019-03-14,0,0,0.006156126568476639
837,2019-03-14,1,0,0.0566298909397589
2364,2019-03-14,0,0,-0.06888838467129876
2308,2019-03-14,0,0,-0.0529709597587823
8732,2019-03-14,0,0,-0.026313864666832054
2194,2019-03-14,1,0,0.06867033801615419
26607,2019-03-14,0,0,-0.19833152304138024
753,2019-03-14,0,0,-0.03500319386078332
2778,2019-03-15,0,0,-0.21833771081413456
9581,2019-03-15,0,0,-0.2329151374056352
17116,2019-03-15,1,0,0.1137127877271018
3845,2019-03-15,0,0,-0.09723011896248202
17141,2019-03-15,0,0,0.00780951430909016
41392,2019-03-18,0,0,-0.06703884825600126
27649,2019-03-18,0,0,0.0019551862776128193
15271,2019-03-18,0,0,-0.18611051362874032
6798,2019-03-18,0,0,-0.0027479282182056863
16091,2019-03-18,0,0,-0.2611767177611415
6760,2019-03-18,0,0,-0.07516038131876002
8092,2019-03-18,0,0,-0.11575032272095864
9040,2019-03-18,0,0,-0.21928288869785995
893,2019-03-19,0,0,-0.023463288513801417
2526,2019-03-19,0,0,-0.0663357447414139
1815,2019-03-19,0,0,-0.23135281596311774
304,2019-03-19,0,0,-0.05196437305095569
529,2019-03-20,1,0,0.14926780983471244
5507,2019-03-20,0,1,-0.004613371381048337
4540,2019-03-20,0,1,-0.09343185407843435
6370,2019-03-20,1,0,0.06293356293290175
585,2019-03-20,0,0,0.021221216216481764
4400,2019-03-20,0,0,-0.16427052672006026
613,2019-03-20,0,0,-0.03926708196479223
472,2019-03-21,0,0,-0.08369779668700794
192,2019-03-21,0,0,-0.051970428899053456
8302,2019-03-21,0,1,-0.20493543838183936
3621,2019-03-21,0,0,-0.1605178840603193
921,2019-03-21,0,0,-0.05023083616852275
220,2019-03-21,0,0,0.026547532025323006
2448,2019-03-22,1,0,0.07859934464323093
5319,2019-03-22,0,0,-0.012156226955130967
3789,2019-03-22,1,1,0.1745457875070584
6420,2019-03-25,1,1,0.05632162359784387
136,2019-03-25,0,0,-0.09534463134273474
5862,2019-03-26,1,0,0.14818274395023512
332,2019-03-26,1,0,0.04969791455352279
51447,2019-03-26,0,0,-0.02359351962710876
51077,2019-03-26,1,0,0.044527990263239836
1759,2019-03-26,1,0,0.03959641803190794
80,2019-03-26,0,0,-0.08233867663212202
39808,2019-03-26,0,0,-0.21028173832679253
24,2019-03-26,0,0,-0.10985529113127579
51160,2019-03-27,1,0,0.08122732327195237
51434,2019-03-27,0,0,-0.01659661675486468
557,2019-03-27,0,0,0.01656679766974667
51352,2019-03-27,0,0,-0.012361118551616035
1062,2019-03-27,1,0,0.15301247285464914
8865,2019-03-27,0,0,-0.3831727384522038
3114,2019-03-27,1,0,0.1176778075241629
2953,2019-03-27,1,0,0.10079421175292658
3509,2019-03-27,1,0,0.1278857593913849
1286,2019-03-28,0,0,-0.012649008025607422
51380,2019-03-28,1,0,0.20470111625284204
2925,2019-03-28,0,0,-0.23719224795478433
4761,2019-03-28,1,1,0.1555268315969609
248,2019-03-28,1,0,0.06072739048402953
52,2019-03-29,1,1,0.06782204708144879
108,2019-03-29,1,0,0.13927334770321687
1703,2019-04-02,1,0,0.12451665603340278
51024,2019-04-02,1,0,0.1036916068107776
1630,2019-04-02,0,0,-0.10082501453576553
30692,2019-04-02,0,0,-0.14347311309004884
2476,2019-04-03,1,1,0.03563521065216957
17871,2019-04-03,0,0,-0.02853227607483011
51215,2019-04-03,0,0,-0.14511022142912744
51105,2019-04-03,0,0,-0.07275687114887464
51188,2019-04-03,1,0,0.07525782830520344
49239,2019-04-04,0,0,0.016515568203918418
16405,2019-04-04,1,0,0.1269933803876857
51049,2019-04-04,0,1,-0.03243645602056966
50996,2019-04-04,1,0,0.12282690206532565
51243,2019-04-04,0,0,0.025983693430420063
32109,2019-04-05,0,0,-0.04050624168378658
32220,2019-04-09,0,0,-0.04531126018037257
33015,2019-04-09,0,0,-0.1284183140073789
34736,2019-04-09,1,1,0.0450004468386731
46686,2019-04-09,0,0,-0.05491781604216028
51132,2019-04-10,0,0,-0.00044851004546120343
48852,2019-04-10,0,0,-0.026357161003982776
50845,2019-04-10,1,0,0.12633799789627176
50789,2019-04-11,1,0,0.04955752625382104
388,2019-04-11,0,0,-0.2478824423196836
416,2019-04-11,0,0,-0.03894844616415538
50513,2019-04-12,0,0,-0.05923583815076239
50401,2019-04-12,1,0,0.06951502180394464
46034,2019-04-12,1,0,0.05115581987515205
50817,2019-04-12,0,0,-0.06615181092433009
50541,2019-04-15,1,0,0.03513988397347134
50677,2019-04-15,0,0,0.012468475624013653
50485,2019-04-15,0,0,0.004962268896113953
50761,2019-04-16,0,0,0.029331213212147267
45773,2019-04-16,0,0,-0.04071259402041805
50429,2019-04-16,0,0,-0.011186843630806131
50569,2019-04-16,1,0,0.04665933621147356
46170,2019-04-16,0,0,0.006112492317980278
46198,2019-04-16,1,0,0.04876174861873972
45801,2019-04-16,0,0,0.01797932261417845
46938,2019-04-16,1,0,0.10570919377124466
50597,2019-04-16,1,0,0.09240834625396444
50457,2019-04-16,0,0,-0.11280348595209555
50649,2019-04-16,0,1,0.003594086869053603
50625,2019-04-16,1,0,0.05231675491584764
45857,2019-04-16,1,0,0.04280221844950094
45745,2019-04-16,0,0,-0.05073496025194857
43365,2019-04-17,1,0,0.030588603557532457
45885,2019-04-17,1,0,0.09116372772851111
45359,2019-04-17,1,0,0.04176658520203813
46386,2019-04-17,1,0,0.0793428798268041
51324,2019-04-17,0,0,-0.3406268967394014
46118,2019-04-17,0,0,0.00818237975698044
50968,2019-04-17,1,0,0.033379153255802096
50705,2019-04-17,0,1,-0.18408570134291702
41129,2019-04-17,1,0,0.045033722515758656
46250,2019-04-17,1,0,0.03972346558735529
46302,2019-04-17,0,0,-0.09327940907163412
45829,2019-04-17,0,0,-0.032921760254049914
42928,2019-04-17,1,0,0.06596968659195745
46090,2019-04-17,0,0,-0.06883184030692335
45925,2019-04-17,0,0,-0.10049087989337568
46006,2019-04-17,0,0,0.016465219473221326
43530,2019-04-17,0,0,-0.15461900269560502
46966,2019-04-18,0,0,-0.03242654425752878
30720,2019-04-18,0,0,-0.04490992476913258
30131,2019-04-18,0,0,-0.032717352124240096
50295,2019-04-18,0,0,-0.04341384750876354
46358,2019-04-18,0,0,-0.026106785296589274
49807,2019-04-18,0,1,0.0026136937166143515
31564,2019-04-18,0,0,0.02775795525403746
46910,2019-04-18,0,0,0.025661584382305147
46578,2019-04-18,1,0,0.0649785077532341
46526,2019-04-18,1,0,0.0322289984412889
31481,2019-04-22,1,1,0.0382719850989679
41709,2019-04-22,0,0,-0.13229824746567642
42014,2019-04-22,0,0,-0.0010749331054853428
41466,2019-04-22,0,0,0.02206587550055583
41325,2019-04-22,0,1,-0.10498298191472877
41421,2019-04-22,0,1,-0.029101871297349757
36507,2019-04-22,0,1,0.009683117478165082
41213,2019-04-22,1,0,0.03014881353430998
45634,2019-04-22,1,1,0.06265197525130017
16250,2019-04-22,0,0,-0.015699030082821364
41185,2019-04-22,0,0,-0.007532047428616018
42979,2019-04-23,0,0,-0.15043236969679152
47078,2019-04-23,1,0,0.12356991125760586
35575,2019-04-23,0,0,-0.23308939096379533
41793,2019-04-23,1,0,0.07649360894061763
41241,2019-04-23,0,0,-0.02448005212301141
41821,2019-04-23,1,0,0.048287039864659764
42816,2019-04-23,0,0,-0.11230341105547836
41849,2019-04-23,0,0,0.01155512268144876
45469,2019-04-23,0,1,0.021018230417359174
41737,2019-04-23,0,0,-0.043472435052274494
41930,2019-04-23,0,0,-0.05579658450281255
38355,2019-04-23,0,0,-0.09425287295117679
42489,2019-04-23,1,0,0.07098562717741164
40912,2019-04-23,0,0,0.019956052512037692
43141,2019-04-23,0,0,0.0019340769586013717
41597,2019-04-23,1,0,0.0376257092118335
41569,2019-04-23,0,0,0.02445580033843231
41513,2019-04-23,0,0,-0.06448504473418115
31857,2019-04-23,0,0,-0.03883521904354936
33127,2019-04-23,0,0,-0.06972806157290434
42622,2019-04-23,0,0,-0.007794588711379502
43281,2019-04-24,0,1,0.008856987991539222
36009,2019-04-24,1,0,0.07311990676483915
43062,2019-04-24,1,0,0.06028008150140374
48307,2019-04-24,0,0,0.012676400977217117
47106,2019-04-24,0,0,0.0008558655883608157
43085,2019-04-24,0,0,0.01405851732105834
31758,2019-04-24,0,1,-0.014098977320420536
43225,2019-04-24,0,0,-0.011342892749034883
43034,2019-04-24,0,0,-0.0881889971278007
43838,2019-04-24,1,0,0.03708017912055861
22361,2019-04-24,0,0,-0.056163962068907614
43309,2019-04-24,0,0,-0.12948038928884797
44559,2019-04-24,0,0,-0.056438230098687536
43169,2019-04-24,1,1,0.05883188034784226
44914,2019-04-24,0,0,-0.37094994699985506
43197,2019-04-24,1,0,0.06082901094552584
47833,2019-04-24,0,0,0.010217563079130354
43558,2019-04-24,0,0,-0.09863427994533269
43113,2019-04-24,0,0,0.0036653805935369377
45247,2019-04-24,0,0,0.014507436953935082
43337,2019-04-24,0,0,-0.04647675922098704
37824,2019-04-24,1,0,0.107948074801135
41494,2019-04-24,0,1,-0.05858889285562696
43698,2019-04-24,0,0,-0.07578686253946665
32796,2019-04-24,1,0,0.1074614993760008
47749,2019-04-24,0,0,0.010827143642812898
43477,2019-04-24,1,0,0.2572287314704924
45578,2019-04-24,1,1,0.150669123605238
26372,2019-04-25,0,0,-0.08717286660825685
47665,2019-04-25,0,1,-0.00328061256254375
36037,2019-04-25,0,0,0.005981163018647928
47525,2019-04-25,0,1,-0.10671155914450725
27913,2019-04-25,0,0,-0.03484821170911134
26773,2019-04-25,0,0,-0.10689087015950294
47973,2019-04-25,0,1,-0.09755827594756683
47414,2019-04-25,1,1,0.04164605920245168
26969,2019-04-25,0,0,-0.02134147419265442
43726,2019-04-25,0,1,-0.05146539260728067
32959,2019-04-25,0,0,-0.20294329121200472
47022,2019-04-25,1,0,0.04354864817906767
41653,2019-04-25,0,0,-0.08243818303084038
47386,2019-04-25,0,0,0.015411225094908554
43253,2019-04-25,1,0,0.08750214322702932
47050,2019-04-25,0,0,-0.0790064333685716
48415,2019-04-25,0,0,0.028509768237714894
8552,2019-04-25,0,0,-0.05055969224930834
47693,2019-04-25,0,0,-0.020254603684341843
47302,2019-04-25,0,0,0.00022594750166105015
9694,2019-04-25,0,0,-0.05754267096158061
18834,2019-04-25,0,0,-0.07571784754266353
43586,2019-04-25,0,0,-0.011758633317618505
48029,2019-04-25,0,0,-0.017697200725838025
18796,2019-04-26,0,0,-0.05070962712791127
9666,2019-04-26,0,1,-0.039774570562184364
41905,2019-04-26,1,0,0.05609208346680705
26829,2019-04-26,0,0,-0.008473215557751157
50323,2019-04-26,1,0,0.14055510383583658
31941,2019-04-26,0,0,-0.02912329899242494
32304,2019-04-26,0,0,-0.022465904383931146
15789,2019-04-26,0,0,-0.01798473673262968
26663,2019-04-26,0,0,-0.06673671180644503
47246,2019-04-26,0,0,-0.0669172561411071
32248,2019-04-26,0,0,-0.024762521989722508
10468,2019-04-26,0,0,-0.017221308283801973
22550,2019-04-26,1,0,0.07351266311658589
10579,2019-04-26,0,0,0.0002801808937362704
31913,2019-04-26,0,0,-0.01693935988600137
9806,2019-04-26,0,0,-0.059439893909748354
9722,2019-04-26,0,0,-0.048606826190315755
12237,2019-04-29,0,0,-0.26132131943278647
12598,2019-04-29,1,0,0.05840657438631247
45303,2019-04-29,0,0,-0.0633006026548445
30497,2019-04-29,0,0,-0.10606358483122125
30795,2019-04-29,0,0,-0.02917108164335691
40699,2019-04-29,0,0,0.008003023903107254
30748,2019-04-29,0,0,-0.09497424386531583
30402,2019-04-29,1,0,0.03945347518774822
36702,2019-04-29,0,0,-0.04892629618201372
13836,2019-04-29,0,1,-0.004792705734521174
30609,2019-04-29,0,0,-0.07952166174220088
31425,2019-04-29,0,0,-0.14189412056483564
21203,2019-04-29,0,0,-0.04214903970058692
30336,2019-04-29,0,0,-0.035787365132651794
34544,2019-04-29,1,1,0.033625507203663973
32633,2019-04-30,0,0,0.004183058173754084
21147,2019-04-30,0,0,-0.011482740186799623
9115,2019-04-30,1,0,0.04128424139919051
35821,2019-04-30,1,0,0.10939163004646812
35981,2019-04-30,1,0,0.05361960471714222
32661,2019-04-30,0,0,-0.048685160348909906
10941,2019-04-30,0,0,-0.03479439331257883
25079,2019-04-30,0,0,-0.014260280039103845
36056,2019-04-30,0,0,0.009363508799013376
19562,2019-04-30,0,0,-0.11740699802431709
36084,2019-04-30,1,0,0.11444845217007016
32551,2019-04-30,1,1,0.0975110476460117
18712,2019-04-30,0,0,-0.09807158974846364
32579,2019-04-30,1,0,0.048781795204718925
26857,2019-04-30,0,0,-0.16264606875316678
32527,2019-04-30,0,0,-0.051034792934501416
41541,2019-04-30,0,0,0.01578613936875395
34953,2019-04-30,0,0,-0.21917900002951252
32689,2019-04-30,0,0,0.016603470703314027
13037,2019-04-30,0,0,-0.08515519725271004
32717,2019-04-30,1,0,0.329874991048825
33377,2019-04-30,0,1,0.02836393162465911
27122,2019-04-30,0,0,-0.020166926234211235
37907,2019-04-30,0,0,0.017966411574769303
33791,2019-04-30,0,0,-0.024599183697462168
26885,2019-05-01,0,0,-0.16173765946412888
36207,2019-05-01,1,0,0.08820969779942822
36179,2019-05-01,0,0,-0.015664820778593547
38945,2019-05-01,0,0,0.023093341904760978
37879,2019-05-01,0,0,-0.023954002179105705
36886,2019-05-01,0,0,-0.10692564332450294
21630,2019-05-01,0,0,-0.06937800970235497
37362,2019-05-01,1,1,0.05420469115937876
21753,2019-05-01,1,0,0.060653051874863584
37054,2019-05-01,0,0,0.026081981901510565
31453,2019-05-01,0,0,-0.06504356678412893
21725,2019-05-01,0,0,-0.08178973484188179
37138,2019-05-01,0,0,-0.05927839097361143
37194,2019-05-01,0,0,-0.03443233276423707
37691,2019-05-01,0,0,-0.09665960882038227
35681,2019-05-01,1,1,0.15604055453670607
21700,2019-05-01,1,0,0.10323854937151888
7645,2019-05-01,1,0,0.04506700488330018
6244,2019-05-02,0,0,-0.023100921721203926
26344,2019-05-02,0,0,-0.154856195517729
8149,2019-05-02,0,0,-0.06649140654405328
47190,2019-05-02,0,0,0.015278859564520575
26496,2019-05-02,1,0,0.03390102201925216
21875,2019-05-02,0,0,0.005390547804958956
7150,2019-05-02,0,0,-0.012052702077078759
13440,2019-05-02,1,0,0.04557295405468298
47134,2019-05-02,1,0,0.05248288845992688
13468,2019-05-02,0,0,-0.047513661937137686
26719,2019-05-02,0,0,-0.03695542138660013
9940,2019-05-03,1,0,0.08015898363936547
1731,2019-05-03,0,0,-0.22412375387796812
13644,2019-05-03,0,0,-0.00701967827079053
9860,2019-05-03,1,0,0.03947553651901048
10966,2019-05-06,1,0,0.07169808811464451
22802,2019-05-06,0,0,-0.1571183374604005
11237,2019-05-06,0,0,0.025192684153518163
22389,2019-05-06,1,0,0.06329090135915849
11209,2019-05-06,0,0,0.015492190212098023
11153,2019-05-06,1,1,0.13469713820360796
11439,2019-05-06,0,0,-0.008062105330662761
21805,2019-05-06,1,0,0.2240445961733024
12487,2019-05-06,0,0,-0.02345513270884736
37558,2019-05-06,0,0,-0.03650980869393072
11021,2019-05-06,1,1,0.278355713888929
19966,2019-05-06,1,0,0.03464331345769178
41376,2019-05-06,0,0,-0.09906724144059431
13754,2019-05-06,0,0,-0.21763527927672666
27198,2019-05-07,0,1,-0.012874393287740982
27053,2019-05-07,0,1,0.0023724832765398274
10890,2019-05-07,1,0,0.052139161853613
14160,2019-05-07,1,0,0.055383439670043666
36123,2019-05-07,0,0,-0.1981811935459482
20369,2019-05-07,1,1,0.0829560075536594
18768,2019-05-07,0,0,0.007972880151303041
32607,2019-05-07,0,1,0.012844898987117936
18227,2019-05-07,0,0,0.02999399390619195
9834,2019-05-07,1,0,0.16617664809190624
8998,2019-05-07,1,0,0.10843182118112837
21959,2019-05-07,0,0,-0.07303474872936422
22087,2019-05-07,1,1,0.052617405735162825
22417,2019-05-07,0,0,-0.05318153302930706
17952,2019-05-07,1,0,0.10650489481464731
7122,2019-05-08,1,0,0.27248774479460414
22222,2019-05-08,0,0,-0.02616387260026065
21847,2019-05-08,0,0,-0.1907003131732964
21781,2019-05-08,0,0,-0.03702843681157875
22445,2019-05-08,1,0,0.3809378675436482
21903,2019-05-08,0,0,-0.009354766153811478
21644,2019-05-08,1,1,0.3793894675838878
13224,2019-05-08,0,0,-0.018218343518678015
36263,2019-05-08,0,0,-0.08613539227996847
8501,2019-05-08,0,0,-0.24668232791011147
29467,2019-05-08,0,0,-0.03181207416467924
17094,2019-05-08,1,0,0.03075191102480168
15382,2019-05-08,1,1,0.04090164173996269
7463,2019-05-08,1,0,0.09216978169148382
14048,2019-05-08,0,0,-0.0823853459974504
14076,2019-05-08,0,0,0.009625314765420945
7589,2019-05-08,0,0,-0.030075294743600378
22494,2019-05-08,0,0,-0.10063485999311361
22250,2019-05-08,0,0,-0.04863343957203625
24916,2019-05-08,0,0,-0.10900003854926954
12667,2019-05-08,0,0,-0.35889977182565236
22720,2019-05-08,0,0,-0.2914120659045819
25426,2019-05-08,0,0,0.008884612637512723
23072,2019-05-08,1,1,0.14096120420427372
13412,2019-05-09,1,1,0.06112940708977033
13536,2019-05-09,0,0,-0.018453138301936733
13616,2019-05-09,0,0,-0.025744630281807734
36151,2019-05-09,1,0,0.09032747908369809
18906,2019-05-09,0,0,-0.07092993276089132
24503,2019-05-09,0,1,-0.0715977379414049
7673,2019-05-09,0,1,-0.04355019751836342
24269,2019-05-09,1,0,0.09021845675043738
13361,2019-05-09,0,0,-0.12356036272754889
26608,2019-05-09,0,0,-0.4230613515123055
13884,2019-05-09,0,1,0.022694695846314117
13968,2019-05-09,1,1,0.034097948959344704
15049,2019-05-09,1,0,0.08429858529129852
14966,2019-05-09,0,1,-0.04457228596737617
14022,2019-05-09,0,0,0.029506668809224035
14386,2019-05-09,0,0,-0.016824767592108714
18483,2019-05-09,1,0,0.09668573383898704
13305,2019-05-09,1,0,0.0796903521277752
7947,2019-05-09,1,0,0.04264455536382439
21833,2019-05-09,0,0,-0.12341516653616946
13280,2019-05-09,0,1,-0.0029391065396811022
10993,2019-05-10,0,0,-0.07633209941861419
6027,2019-05-10,0,0,-0.018161604557496824
6188,2019-05-10,0,0,0.009621512167395041
7515,2019-05-10,0,0,-0.10437494457006902
40672,2019-05-13,1,0,0.0726967111997655
13333,2019-05-13,1,0,0.08500326267804581
14330,2019-05-13,0,0,-0.07345176410655496
3946,2019-05-13,0,0,-0.06342007931264948
24012,2019-05-13,0,0,-0.0649661217617784
8093,2019-05-14,0,0,-0.02962943464958645
7379,2019-05-14,1,1,0.04189976042463439
8200,2019-05-14,1,0,0.12369884338286952
3445,2019-05-14,0,0,-0.10351504391062594
20565,2019-05-14,1,0,0.05737953368514426
14301,2019-05-14,0,0,-0.09708871016862197
34320,2019-05-14,0,1,-0.051083767971555116
38411,2019-05-14,0,0,-0.01632620327320089
18252,2019-05-14,0,1,-0.011039743383623346
4872,2019-05-15,1,0,0.04071670703643493
9638,2019-05-15,0,0,-0.03970488318446341
5480,2019-05-15,0,0,-0.04876304719194713
1203,2019-05-15,0,1,-0.05498154102856556
7010,2019-05-15,1,0,0.04109422196303947
7273,2019-05-15,0,0,0.003994210884246896
22606,2019-05-15,1,0,0.06753146318936132
6107,2019-05-16,0,0,-0.09630205261939706
6163,2019-05-16,0,0,0.01862715394280634
6267,2019-05-16,0,0,-0.008374463582043967
6733,2019-05-16,1,1,0.10241202107754899
22473,2019-05-16,0,0,-0.10751010878992451
21672,2019-05-16,0,0,-0.19125437099753917
12863,2019-05-16,0,0,-0.059792850786406726
6135,2019-05-16,0,0,0.0076141134742323535
29454,2019-05-16,1,0,0.03504070324547004
3361,2019-05-17,0,0,-0.15211780889533
1231,2019-05-20,0,0,-0.07200508373268999
2505,2019-05-20,0,0,-0.057551907276090386
5536,2019-05-21,0,0,-0.12333488594461472
4597,2019-05-21,1,0,0.1528221948894154
1659,2019-05-21,0,0,0.019851602581736683
5965,2019-05-21,0,0,-0.08485878966986604
4706,2019-05-21,0,0,0.012350292562251286
6055,2019-05-21,0,0,-0.14724618501412368
5641,2019-05-21,0,0,-0.2997273943753468
5236,2019-05-21,0,0,0.001299333343817488
47553,2019-05-21,0,0,0.025302412158034637
5152,2019-05-21,0,0,-0.17941552263397376
6421,2019-05-21,0,0,-0.13130736904385942
5208,2019-05-21,0,0,-0.1364414216561417
4485,2019-05-21,1,0,0.06972764258377107
5096,2019-05-21,0,0,-0.01208324945262329
4289,2019-05-22,0,0,-0.07195391312919008
7245,2019-05-22,0,0,-0.12574706302995886
5863,2019-05-22,0,0,-0.1814027576215641
7066,2019-05-22,0,0,-0.07958213373707279
4816,2019-05-22,1,1,0.03342086946186651
31885,2019-05-22,0,0,-0.034996049231432846
15178,2019-05-22,0,0,-0.02408917786366871
8331,2019-05-22,1,0,0.055615096395975616
3005,2019-05-22,0,0,0.0022838157624969213
7038,2019-05-22,0,1,-0.10329401919028824
25535,2019-05-22,0,0,-0.19966754269719367
4928,2019-05-22,1,0,0.069957690244416
7094,2019-05-23,0,1,-0.07114936185803367
4213,2019-05-23,0,0,-0.04191732136231385
7300,2019-05-23,1,0,0.03739401133238218
14465,2019-05-23,1,1,0.058786046581282614
7435,2019-05-23,0,1,0.005773685257432715
6399,2019-05-23,0,0,-0.23860854779751017
4241,2019-05-23,0,0,0.0008145553293019692
6293,2019-05-23,0,0,-0.2514435646581258
5564,2019-05-23,1,0,0.08084693298443346
5669,2019-05-23,0,0,-0.03259642480747671
4110,2019-05-23,1,0,0.07850980267176744
10359,2019-05-23,1,0,0.03201694279931433
642,2019-05-23,0,0,-0.07111489986523845
5124,2019-05-23,1,0,0.05913928978236893
5452,2019-05-23,0,1,-0.0754636684052079
3482,2019-05-23,0,0,-0.005426857561984466
5753,2019-05-23,0,0,-8.652531118702456e-06
3846,2019-05-24,0,0,-0.15043091096082295
3790,2019-05-24,1,1,0.12413625434599562
3762,2019-05-24,0,0,-0.21585093253009968
3734,2019-05-28,1,0,0.15813795843832257
8228,2019-05-28,0,0,0.01794920306539649
10024,2019-05-28,1,0,0.0524637603175212
44615,2019-05-28,1,1,0.0585920709283696
4185,2019-05-28,0,1,-0.042238443988132146
25023,2019-05-28,0,0,-0.04205448449961735
1954,2019-05-28,0,0,0.027787802777675896
726,2019-05-28,1,1,0.1579741988635346
3115,2019-05-29,0,1,-0.040808015398205555
4138,2019-05-29,0,0,-0.04718129394766335
4054,2019-05-29,1,1,0.10518970914263304
25949,2019-05-29,0,0,-0.020471797538768044
3171,2019-05-29,0,0,-0.24442529062188678
22522,2019-05-29,0,0,-0.12253073616929722
4261,2019-05-29,0,0,-0.0352427885481138
3087,2019-05-29,0,0,-0.12431596286817725
4345,2019-05-29,0,0,-0.2706912497736128
4541,2019-05-29,0,0,-0.07244681137963416
1816,2019-05-30,0,1,-0.041403542201438825
1967,2019-05-30,0,1,-0.08188897993950883
445,2019-05-30,0,1,-0.03347429879818875
2221,2019-05-30,0,1,-0.33915437527411085
8303,2019-05-30,1,0,0.09383556192550557
2555,2019-05-30,1,0,0.06374800465671349
4317,2019-05-30,0,0,-0.013502755235063058
4734,2019-05-30,1,1,0.1323418132010028
782,2019-05-30,0,0,0.008992396759304744
2247,2019-05-30,1,0,0.07677226519501368
4026,2019-05-30,0,0,-0.09321897878076779
5508,2019-05-30,1,0,0.1317639570218162
2807,2019-05-30,0,0,-0.04050298333415603
4457,2019-05-30,0,0,-0.003903261095092425
40284,2019-05-30,0,0,-0.028171813754670927
2195,2019-05-30,0,0,0.007731241389687837
3462,2019-05-30,0,0,-0.2349664067872237
2577,2019-05-30,0,0,-0.6133245393986837
2887,2019-05-31,0,0,0.024791443531290813
1547,2019-05-31,0,0,-0.1259692938521303
4082,2019-06-03,0,0,-0.09862090645553967
2070,2019-06-03,0,0,-0.1353037507368291
3305,2019-06-03,0,1,0.028786871551485183
3622,2019-06-03,0,0,-0.11271302481047263
2016,2019-06-04,0,0,-0.07858069713912896
2124,2019-06-04,0,0,-0.14213684421123696
1926,2019-06-04,0,0,0.025211287727415654
2449,2019-06-04,0,0,-0.0167062456206305
3417,2019-06-04,1,0,0.03769362580789981
2421,2019-06-04,0,1,-0.08878230083035277
1259,2019-06-04,1,0,0.05841253359363663
1631,2019-06-04,0,0,-0.3667415239596802
3033,2019-06-05,1,1,0.10521891691639496
3143,2019-06-05,0,0,-0.20845984679595586
1368,2019-06-05,1,1,0.04200973501645988
2954,2019-06-05,0,0,-0.07152271642440888
1175,2019-06-05,0,0,-0.14840347084617678
1119,2019-06-05,0,0,-0.055385823229672226
1355,2019-06-05,1,0,0.1251158931802474
3236,2019-06-05,0,0,-0.06318012582899102
698,2019-06-05,1,1,0.05134347958875929
1315,2019-06-05,0,0,-0.005201998138962716
3264,2019-06-05,1,1,0.19240247051213566
2266,2019-06-05,0,0,-0.49500739536506766
1683,2019-06-06,0,0,-0.06583449562214061
2309,2019-06-06,0,1,0.020126119939464893
2527,2019-06-06,0,0,-0.16075039518252454
3818,2019-06-06,0,0,-0.040347913730332086
866,2019-06-06,1,1,0.3006414217065465
51476,2019-06-10,1,0,0.04464791145825231
1463,2019-06-10,0,0,-0.09642397546740356
1603,2019-06-10,0,0,-0.028967510429940502
4625,2019-06-11,0,1,-0.041208800707481674
1704,2019-06-11,0,0,-0.2345266311873775
1788,2019-06-11,0,0,-0.06748337018952189
1147,2019-06-12,0,0,-0.10747086410235296
2832,2019-06-12,0,0,-0.027031087805198695
2926,2019-06-12,1,1,0.21112605278047858
1063,2019-06-12,1,0,0.03519556536170132
1287,2019-06-12,0,0,-0.011024749976580761
838,2019-06-13,0,0,0.00230936783984248
1732,2019-06-13,0,0,-0.08925941353470268
165,2019-06-18,0,0,-0.2719876125332843
754,2019-06-18,0,0,0.029409789754739846
950,2019-06-18,1,0,0.12754947829644192
5040,2019-06-18,1,0,0.08447795585159512
137,2019-06-19,1,0,0.14198300053725288
2337,2019-06-19,1,1,0.08508135630027636
1006,2019-06-19,0,0,-0.09989460116420412
810,2019-06-19,1,0,0.0446273529460417
2753,2019-06-20,0,0,0.022873097892902372
221,2019-06-20,0,0,-0.05673302609807862
44283,2019-06-20,1,0,0.1402712813796232
109,2019-06-21,1,0,0.04429440676467822
894,2019-06-25,0,0,-0.02259304690968944
530,2019-06-25,1,0,0.11601242998060224
51435,2019-06-25,1,0,0.0546625807982708
51161,2019-06-25,0,0,-0.08270431550359858
2044,2019-06-25,0,1,-0.11031500658099125
333,2019-06-25,0,0,-0.04327151502891913
51353,2019-06-26,0,0,0.022300983297594446
51325,2019-06-26,0,0,-0.4570494170889601
51298,2019-06-26,0,0,-0.045272287347722484
586,2019-06-26,0,0,-0.02988820678002624
53,2019-06-26,0,0,-0.1426494744936907
558,2019-06-26,0,0,-0.07078238184270291
389,2019-06-26,1,0,0.2010007776022662
51448,2019-06-26,1,0,0.04489042054951997
49240,2019-06-26,1,1,0.12628075578711973
45164,2019-06-26,1,0,0.05547248865801979
16406,2019-06-27,1,1,0.0861713135437896
30693,2019-06-27,0,0,0.023464790219632103
193,2019-06-27,0,0,-0.004700511309328137
361,2019-06-27,1,0,0.13307815714620452
51381,2019-06-27,1,0,0.048262020391213634
277,2019-06-27,0,0,-0.1569576204921479
32221,2019-06-27,0,0,-0.0018209160010391745
5320,2019-06-28,0,0,-0.1208941980652537
9292,2019-06-28,1,1,0.2363765869272887
50997,2019-06-28,1,0,0.039504491293966826
51050,2019-07-02,0,0,-0.01763591572412304
51189,2019-07-02,0,0,-0.049885158740944346
32110,2019-07-02,0,0,-0.0005643406042732391
2506,2019-07-08,1,1,0.09687744165939072
50969,2019-07-09,0,0,-0.028601680851504052
33016,2019-07-09,1,0,0.12744981286628287
50913,2019-07-09,0,0,-0.03911606526415534
46687,2019-07-09,1,1,0.07986989752654816
51133,2019-07-10,0,0,-0.03280493831181408
48853,2019-07-10,0,0,-0.06565615324854923
51025,2019-07-10,1,0,0.04443809685160627
305,2019-07-10,1,0,0.18643696855056935
34737,2019-07-10,1,0,0.08377952549439982
50790,2019-07-11,0,0,-0.07930474681903066
50846,2019-07-11,1,0,0.032625949088539
50818,2019-07-12,1,0,0.043846274964856935
6079,2019-07-15,1,0,0.1701050178897905
50542,2019-07-15,0,0,-0.0017230471724059004
50570,2019-07-16,1,0,0.06138688061196884
50402,2019-07-16,0,0,7.73073375579525e-05
33434,2019-07-16,1,0,0.08927543142262895
50486,2019-07-16,1,0,0.03516329947672592
50430,2019-07-16,0,0,-0.06237540535069008
50902,2019-07-16,0,0,-0.10470039216521565
50514,2019-07-16,0,1,-0.06082366708277709
50650,2019-07-16,0,0,-0.0837841679586473
46199,2019-07-17,0,0,-0.03410357897914729
45830,2019-07-17,0,0,-0.03321741911707676
46007,2019-07-17,0,0,0.016073802137999804
43142,2019-07-17,0,0,-0.004421595220137631
45979,2019-07-17,0,0,0.01978515033076067
45926,2019-07-17,1,1,0.04746166658957773
45802,2019-07-17,0,0,-0.00188437166833344
45886,2019-07-17,0,0,-0.08592035964266997
45746,2019-07-17,0,0,-0.1449888308855003
46251,2019-07-17,0,0,-0.02878156062850412
45774,2019-07-17,1,0,0.057511906722095496
38020,2019-07-17,0,0,-0.20926331444331747
46144,2019-07-17,0,0,-0.06550968990237727
50762,2019-07-17,0,0,-0.050160243565096296
50598,2019-07-17,0,0,-0.02953963107593449
46771,2019-07-17,0,0,-0.0810102310891262
46091,2019-07-17,0,0,-0.006172397746364133
46035,2019-07-17,0,0,-0.004170138269895984
46171,2019-07-17,0,0,-0.02655310496088492
46119,2019-07-17,0,0,-0.054130695649267535
44336,2019-07-17,0,0,-0.058420160277519284
46359,2019-07-18,1,0,0.08692610458941163
43063,2019-07-18,0,0,0.0010741975346171273
46387,2019-07-18,0,0,-0.0060218064966337526
46331,2019-07-18,0,1,-0.01142476164444195
50458,2019-07-18,1,0,0.06165527913376789
41987,2019-07-18,1,1,0.1979251635019037
50626,2019-07-19,0,0,-0.002268469023312125
41158,2019-07-19,0,0,-0.09008888003190663
40941,2019-07-19,0,0,-0.018798953493690318
43755,2019-07-19,1,0,0.03806423306993878
41074,2019-07-19,0,0,-0.06055749206994565
41130,2019-07-19,0,0,0.010685296216124351
31914,2019-07-19,1,0,0.06592020064336834
49049,2019-07-22,1,0,0.16701464661745957
31731,2019-07-22,0,0,-0.08008767777866588
31482,2019-07-22,0,0,0.014218495729013458
41270,2019-07-22,0,0,0.026503500299241978
41298,2019-07-22,1,0,0.03943453199857894
42929,2019-07-22,0,0,-0.01563505372421692
41422,2019-07-22,0,0,-0.08978830281687944
51244,2019-07-22,1,0,0.05470848486803548
41186,2019-07-22,0,0,0.019275556077904987
44115,2019-07-22,1,0,0.19093941262552439
31107,2019-07-22,1,0,0.05782600835703433
41570,2019-07-23,1,0,0.0992637938355494
41514,2019-07-23,1,1,0.1210403576423087
42322,2019-07-23,0,0,-0.0496955014561522
41906,2019-07-23,0,0,-0.04453572995447308
40913,2019-07-23,1,0,0.04327817525309818
41850,2019-07-23,1,0,0.10622945914211956
34267,2019-07-23,0,0,0.008664840856461353
48308,2019-07-23,1,0,0.03555680433708819
42623,2019-07-23,1,0,0.09907496557768192
42490,2019-07-23,0,0,-0.05775630070718174
34517,2019-07-23,1,1,0.06675410508517143
41822,2019-07-23,0,0,0.0017510181677733438
41495,2019-07-23,1,0,0.03786023987360165
29400,2019-07-23,0,1,-0.039468800660674264
41738,2019-07-23,0,0,0.0154271899476639
25,2019-07-23,1,0,0.06168781422108749
42817,2019-07-23,0,0,0.003930045352789291
41766,2019-07-23,1,0,0.037193394108278044
41626,2019-07-23,0,0,-0.18936979949335975
42733,2019-07-23,0,0,-0.017415414934121465
42043,2019-07-23,1,1,0.032966375020626826
47107,2019-07-23,0,0,0.01073878577505738
41598,2019-07-23,0,0,0.02451278012947511
37992,2019-07-24,0,0,0.010586027555376853
41654,2019-07-24,1,0,0.11836003548482865
43114,2019-07-24,0,0,0.017901691547701715
45108,2019-07-24,0,0,-0.052804748496857346
43923,2019-07-24,1,0,0.17139191107499285
43394,2019-07-24,0,0,0.020912697200269337
43226,2019-07-24,0,0,-0.016767338849723812
43338,2019-07-24,1,0,0.030998652740207744
43035,2019-07-24,0,0,-0.0460893545804274
43086,2019-07-24,0,0,-0.04846578971822524
36010,2019-07-24,0,0,0.004658093937598196
45276,2019-07-24,0,0,-0.020148270783868827
43254,2019-07-24,0,0,-0.06690641791400953
43366,2019-07-24,0,0,-0.0006597944190434024
43170,2019-07-24,0,0,-0.055313254820004376
6268,2019-07-24,0,1,0.025351269104265217
43450,2019-07-24,1,0,0.11776962657919321
43839,2019-07-24,1,0,0.04447114585865242
47890,2019-07-25,0,0,0.002469014732584096
36236,2019-07-25,0,0,0.02508496043806585
47946,2019-07-25,0,0,-0.15327846937172496
8553,2019-07-25,1,0,0.06290200375833432
30337,2019-07-25,1,0,0.08428321074370748
32797,2019-07-25,0,0,-0.007095601867164625
36038,2019-07-25,1,0,0.09989280849280857
47219,2019-07-25,0,0,-0.01587093151390573
47275,2019-07-25,0,0,0.024327779519200732
48713,2019-07-25,1,1,0.05026174769661318
47499,2019-07-25,0,0,-0.061185697440373166
47163,2019-07-25,0,0,0.01175302459176164
14792,2019-07-25,0,0,0.020887159209868278
47666,2019-07-25,0,0,-0.02741173078424075
47415,2019-07-25,1,0,0.08710689822064044
47610,2019-07-25,0,0,-0.21484282900302276
47051,2019-07-25,0,0,0.028877660978423147
47778,2019-07-25,1,0,0.03731672606816194
34211,2019-07-25,0,0,-0.010097553679885962
26774,2019-07-25,0,0,0.019718396177998976
30470,2019-07-25,1,0,0.05456481666040225
22335,2019-07-25,1,0,0.07460030824357378
36592,2019-07-25,0,1,0.009745708867704428
47023,2019-07-25,0,0,-0.04168259469015578
23381,2019-07-25,0,0,-0.016161817868604822
47079,2019-07-26,1,1,0.0897092489204463
32166,2019-07-26,0,0,0.026678446688708002
31970,2019-07-26,0,0,-0.043669947475253434
31942,2019-07-26,0,0,-0.06826886326448212
42462,2019-07-26,1,0,0.05512238986513962
9695,2019-07-26,0,0,-0.039190234420197645
41542,2019-07-26,0,0,0.006205574903083821
30498,2019-07-29,0,0,-0.018063076938060862
31537,2019-07-29,0,0,-0.09912013847452261
10025,2019-07-29,1,1,0.039555285273408014
30666,2019-07-29,1,0,0.05544372618145199
32662,2019-07-29,0,0,-0.03400988545163519
30348,2019-07-29,1,1,0.12202391763832399
30638,2019-07-29,1,1,0.6357415783226439
47471,2019-07-29,0,0,-0.010976677274338265
40700,2019-07-29,0,0,-0.03402267085939248
30749,2019-07-29,1,0,0.0678441384349997
30905,2019-07-29,0,0,-0.07979470153122381
13837,2019-07-29,1,1,0.13135572222880953
11844,2019-07-29,1,0,0.059573821377571834
33322,2019-07-30,1,1,0.09264059831366533
30428,2019-07-30,0,0,-0.06784279831679019
21204,2019-07-30,1,0,0.03916784441264265
34128,2019-07-30,1,0,0.0355518076994501
41878,2019-07-30,0,0,0.00412415144967504
30554,2019-07-30,1,0,0.05628727916560772
47135,2019-07-30,0,0,-0.017466703704446473
35982,2019-07-30,1,0,0.04350616126105855
33044,2019-07-30,1,0,0.05254309640026822
33182,2019-07-30,1,0,0.14435381172458572
10752,2019-07-30,0,0,-0.12311909745541805
9116,2019-07-30,0,0,-0.02690808113185017
41931,2019-07-30,0,1,-0.0533048159712034
32741,2019-07-30,0,0,-0.004284481318535427
32608,2019-07-30,1,1,0.03968738895566282
8276,2019-07-30,0,0,-0.680407032036705
29524,2019-07-30,0,0,-0.04968636744202659
18713,2019-07-30,1,0,0.03368810897927599
32825,2019-07-30,0,1,0.012747342833113962
32580,2019-07-30,0,0,-0.00046019872841296383
32853,2019-07-30,0,0,-0.013217772289505936
40387,2019-07-30,0,0,-0.048041654194442396
26802,2019-07-30,0,0,0.008010949509290821
32988,2019-07-30,0,0,-0.025957837136893702
26373,2019-07-30,0,0,-0.021653355494356097
32528,2019-07-30,0,0,-0.07891828250504951
36703,2019-07-31,1,0,0.0591854094430555
18374,2019-07-31,0,0,-0.08546083101439528
40513,2019-07-31,1,0,0.09040802356333866
36432,2019-07-31,1,0,0.05030752718328069
26388,2019-07-31,1,1,0.13831601837740615
22167,2019-07-31,1,0,0.07857047949689244
30442,2019-07-31,1,0,0.049490719455078214
17254,2019-07-31,0,1,-0.008943454861668254
21726,2019-07-31,0,0,-0.2146875018438129
37391,2019-07-31,0,0,-0.03268022926387015
13755,2019-07-31,0,0,-0.34505428446686315
19069,2019-07-31,0,0,0.024076419047055708
37335,2019-07-31,0,0,0.006390209129727875
37223,2019-07-31,0,0,0.02113145169196562
36057,2019-07-31,0,0,-0.04441156792714995
43198,2019-07-31,1,0,0.04464146965169169
23689,2019-07-31,0,1,-0.048945008363797005
36085,2019-07-31,1,0,0.043148469713202076
21701,2019-07-31,0,0,-0.025936893472186195
39886,2019-07-31,1,1,0.058927450188297925
14216,2019-07-31,0,0,-0.03991364010829057
31675,2019-07-31,1,0,0.24886363737720574
27360,2019-08-01,0,0,-0.20688127621276098
27487,2019-08-01,0,0,-0.03920051498059718
26345,2019-08-01,0,0,-0.12311054875059535
36887,2019-08-01,0,0,-0.024683861072220314
13306,2019-08-01,0,0,-0.11735546589392687
26553,2019-08-01,0,0,-0.008864448690748095
6245,2019-08-01,1,0,0.2925180292978349
27054,2019-08-01,0,1,0.004643093992789282
37167,2019-08-01,0,0,-0.1741633278542576
21848,2019-08-01,1,0,0.17939254448009767
26692,2019-08-01,0,0,0.01373133705555829
21631,2019-08-01,0,1,-0.10366783869121654
31858,2019-08-01,0,0,-0.0196156557713989
26320,2019-08-01,1,1,0.3265601197877259
22362,2019-08-01,0,0,-0.2972229468072507
32552,2019-08-01,1,0,0.04206472894660296
36264,2019-08-01,0,0,-0.08371517176087773
36292,2019-08-01,1,0,0.048002694882672836
32906,2019-08-01,1,0,0.03636659497915051
36536,2019-08-01,1,1,0.03033104821754007
7095,2019-08-01,0,1,-0.05125299570504471
47191,2019-08-01,0,0,0.01213578754533906
10201,2019-08-02,0,0,-0.18289183381625962
10173,2019-08-02,0,0,-0.013536124428609408
10469,2019-08-02,0,0,-0.056936210541078336
9723,2019-08-02,0,0,-0.020243565665703178
11128,2019-08-02,0,0,-0.03512651352527396
29496,2019-08-02,1,0,0.23194356373926173
9861,2019-08-02,0,0,-0.058654625995956056
9667,2019-08-02,0,0,-0.02961799684698352
32473,2019-08-02,0,0,-0.2391911776949246
10443,2019-08-02,0,0,-0.018226103882665767
9913,2019-08-02,0,0,-0.0915596249807803
24090,2019-08-02,1,0,0.03254757382095108
10580,2019-08-02,0,0,0.010011374187534061
14331,2019-08-05,0,1,-0.019109085814828064
11022,2019-08-05,1,1,0.1375510204740732
13334,2019-08-05,1,1,0.09806435684827675
28346,2019-08-05,0,0,-0.004828284188651999
10891,2019-08-05,0,0,0.004519172380406555
8122,2019-08-05,1,0,0.08005491418048816
11154,2019-08-05,0,0,-0.16165213309439364
30610,2019-08-05,0,0,-0.1879973085722334
11072,2019-08-05,1,1,0.2096448223995825
31649,2019-08-05,0,0,0.02370410145563373
10835,2019-08-05,0,0,-0.04466890511274102
19203,2019-08-06,0,1,-0.09798179370742788
33100,2019-08-06,0,0,-0.04845529057342535
21834,2019-08-06,0,0,-0.16744695084072747
13589,2019-08-06,0,1,-0.015165535734593116
23325,2019-08-06,0,0,-0.04680318572350528
19563,2019-08-06,0,1,-0.2501348115797557
11210,2019-08-06,0,1,-0.04973139824994177
18144,2019-08-06,0,0,-0.12545798692014132
14161,2019-08-06,0,0,-0.10052068392825131
17953,2019-08-06,1,0,0.22008938468626726
18685,2019-08-06,1,0,0.0728012379755385
7702,2019-08-06,1,0,0.04909851085130901
26609,2019-08-06,0,0,0.016905501435053316
21980,2019-08-06,1,0,0.11857003717949244
18428,2019-08-06,0,0,-0.060692552775610586
5265,2019-08-06,1,0,0.10516078996938949
22088,2019-08-06,1,0,0.03127579801484326
21254,2019-08-06,0,0,-0.05506206601928931
10807,2019-08-06,0,0,-0.00636550665171054
13225,2019-08-06,0,0,-0.0031534268240125396
6322,2019-08-06,0,0,-0.0711742855522497
36096,2019-08-07,0,0,-0.024244221843955138
20064,2019-08-07,0,1,-0.021421341685029183
14077,2019-08-07,0,0,-0.08191619941068673
36124,2019-08-07,0,0,-0.17808453607258956
16149,2019-08-07,0,0,0.0071978427545652535
13413,2019-08-07,0,0,-0.1254774209037749
13441,2019-08-07,0,0,-0.04565170904336768
8081,2019-08-07,0,0,-0.04429679102463613
14244,2019-08-07,0,1,-0.4021394682529976
7464,2019-08-07,0,1,-0.012844394909618861
13565,2019-08-07,0,0,-0.011780503654468144
22607,2019-08-07,0,0,-0.010771864377516205
7892,2019-08-07,0,0,-0.3674280187435912
25950,2019-08-07,0,0,-0.03308150880842775
22579,2019-08-07,1,0,0.07040417901576701
21904,2019-08-07,0,0,0.008728477693276449
24838,2019-08-07,0,1,0.02866252956740145
23269,2019-08-07,1,0,0.13686480757598396
22777,2019-08-07,1,1,0.05250636193295488
21960,2019-08-07,0,0,-0.046936805597588616
25216,2019-08-07,0,0,0.02373990695771533
24136,2019-08-07,0,0,-0.18857660719845803
23173,2019-08-07,1,0,0.07218276557492564
21782,2019-08-07,0,0,-0.04744070206265261
21754,2019-08-07,1,0,0.0869201099012904
25778,2019-08-07,1,0,0.58476496615459
22390,2019-08-07,1,1,0.1424606681356415
13010,2019-08-07,1,0,0.04717511719156042
22446,2019-08-07,0,0,-0.11674368482634312
22195,2019-08-07,0,0,-0.05424425297106272
13537,2019-08-08,0,0,-0.20667855625497344
8253,2019-08-08,1,0,0.2909730436757537
10388,2019-08-08,0,0,-0.04242126791002088
13729,2019-08-08,1,0,0.05536753013827811
13385,2019-08-08,0,1,0.00868239575981411
13617,2019-08-08,1,0,0.056375121080240675
13362,2019-08-08,1,0,0.07268757963832184
6372,2019-08-08,1,0,0.05987457727262757
8173,2019-08-08,1,0,0.21216653454257395
8150,2019-08-08,0,0,-0.023623774119891805
13969,2019-08-08,0,0,-0.011921618172489046
13253,2019-08-08,1,0,0.035237075117691474
14415,2019-08-08,1,1,0.04899809102464292
14105,2019-08-08,0,0,-0.13234475747972874
29636,2019-08-09,0,0,-0.18430203509646348
7674,2019-08-09,0,1,-0.12480528111334421
51562,2019-08-09,1,0,0.4044758923950823
7948,2019-08-09,0,0,-0.04664166603809494
8977,2019-08-09,0,0,-0.2691914869140415
7837,2019-08-09,0,0,-0.2549018394379876
11707,2019-08-12,0,0,-0.09718819774991783
15246,2019-08-12,0,0,-0.5165136743710445
11238,2019-08-12,1,0,0.0712063977981342
6930,2019-08-12,1,0,0.038069089163287884
36999,2019-08-13,0,0,-0.008127831777977268
8332,2019-08-13,0,0,-0.034075898829801554
7516,2019-08-13,0,0,0.0029361629124700084
8094,2019-08-13,0,0,0.0033670629204219926
8229,2019-08-13,0,0,-0.12593462068255667
6028,2019-08-13,1,0,0.03361640881968919
7011,2019-08-14,0,0,-0.11568521683772248
9346,2019-08-14,0,1,-0.05664357075736981
38160,2019-08-14,0,0,-0.024551907948713314
40645,2019-08-14,0,0,-0.08475069556129056
3446,2019-08-14,1,0,0.03810820714795271
24895,2019-08-14,1,0,0.07029314771821904
5481,2019-08-14,0,0,-0.21452840520379224
6164,2019-08-15,0,0,0.006669267334098894
6344,2019-08-15,0,0,-0.06892653470150745
8304,2019-08-15,1,1,0.06628614208125272
6056,2019-08-15,0,0,-0.1741709640581668
6108,2019-08-15,1,0,0.034813100486112525
6136,2019-08-15,1,0,0.05819029428483591
9639,2019-08-15,1,1,0.05843699943502367
18318,2019-08-15,0,0,-0.3032791841692045
3931,2019-08-15,1,0,0.06365769783858699
3651,2019-08-16,0,0,-0.11374922291547673
3362,2019-08-16,0,0,-0.03737296365130449
21673,2019-08-19,1,0,0.08498332244609053
6294,2019-08-19,1,0,0.1600497124859659
3975,2019-08-19,1,0,0.08999295591262979
5782,2019-08-20,0,0,0.027574274878926275
5209,2019-08-20,0,0,0.000621713595079898
7590,2019-08-20,0,0,-0.07850537103196176
5237,2019-08-20,0,0,-0.02522141880810347
5097,2019-08-20,1,0,0.033623338232759536
36180,2019-08-20,0,0,-0.18842072419559308
5125,2019-08-20,1,0,0.04525803448359911
11995,2019-08-20,0,0,0.026478301837084883
25188,2019-08-21,0,1,0.006686675908166628
3006,2019-08-21,1,1,0.06141577935521536
5642,2019-08-21,1,0,0.2049562358296081
4262,2019-08-21,1,0,0.1356761668364036
4901,2019-08-21,1,0,0.0735869007449752
5537,2019-08-21,0,0,0.026093723721357764
5013,2019-08-21,0,0,-0.15965885518479317
5453,2019-08-21,0,1,-0.0674835308988081
4290,2019-08-21,0,0,-0.024560132543709257
4817,2019-08-21,1,0,0.22037297900497044
35738,2019-08-22,0,0,-0.03964564463302722
4139,2019-08-22,0,0,0.012603832365559842
4027,2019-08-22,0,0,-0.130451780159899
5565,2019-08-22,1,0,0.032219143257659955
5593,2019-08-22,0,0,-0.025904370751525962
4111,2019-08-22,0,0,-0.05235082927042567
4242,2019-08-22,0,1,0.028263934031402038
1927,2019-08-22,1,0,0.08841080661201683
643,2019-08-22,0,0,-0.006378143415337045
3763,2019-08-23,0,0,-0.14307795626037711
3847,2019-08-23,1,0,0.03570214845527131
3791,2019-08-23,0,0,-0.03723983592111901
3623,2019-08-26,1,0,0.2760364942428122
727,2019-08-27,0,1,0.02016842854038181
35766,2019-08-27,0,0,-0.17204078185594363
4707,2019-08-27,0,0,0.021004051653637168
23489,2019-08-27,1,1,0.23207776858449747
5966,2019-08-27,1,0,0.10372264896037686
4186,2019-08-27,1,0,0.04722034588565993
4651,2019-08-27,0,0,0.003519343207542547
4055,2019-08-27,0,0,0.02465801005431434
21276,2019-08-27,0,0,-0.0444566159498373
3819,2019-08-27,0,0,-0.08627287862479616
3483,2019-08-27,0,0,0.023967323895519366
4214,2019-08-27,0,0,-0.04794056467334851
23905,2019-08-27,0,0,-0.032767706994230816
3209,2019-08-28,0,0,-0.13122704954685938
2808,2019-08-28,1,0,0.17539755786011657
3511,2019-08-28,1,0,0.07081814405358489
2222,2019-08-28,1,0,0.0842049276460739
2450,2019-08-28,0,0,0.01206841999535424
4598,2019-08-28,0,1,0.005974013671296241
4083,2019-08-28,1,0,0.04271320521154154
1684,2019-08-28,0,0,-0.27873686105375295
3088,2019-08-28,0,0,-0.08369501782246203
3463,2019-08-28,1,0,0.27584383030295423
2248,2019-08-28,0,0,-0.03730832042366783
2955,2019-08-28,1,0,0.13508651034475871
2282,2019-08-29,0,0,-0.2007883336494738
4167,2019-08-29,0,0,-0.03817114127361221
3418,2019-08-29,1,1,0.2073713133432673
2338,2019-08-29,0,0,-0.24013035191388243
446,2019-08-29,0,0,0.015047884781685283
2754,2019-08-29,1,1,0.2229112394769397
2196,2019-08-29,0,0,-0.27484154651050663
1955,2019-08-29,0,0,-0.08961195390276888
4486,2019-08-29,0,0,-0.11284769028822295
4374,2019-08-29,0,0,0.018967016944636983
4735,2019-08-29,0,0,-0.1601817317788513
1548,2019-08-30,1,0,0.10080507023257357
3034,2019-08-30,1,0,0.05396245907474517
5321,2019-08-30,1,1,0.10982624666555796
1761,2019-09-03,1,1,0.22098807049566338
2071,2019-09-03,0,0,-0.08930307872012155
2017,2019-09-03,0,0,-0.09792933424724926
3306,2019-09-03,0,1,0.023469101628877498
49420,2019-09-03,1,0,0.07361366738033692
1120,2019-09-04,0,1,-0.10938348400036924
2267,2019-09-04,1,1,0.19664542832200538
51513,2019-09-04,1,1,0.08038778573985206
2528,2019-09-04,1,1,0.14540163460451438
1316,2019-09-04,0,1,-0.14503212328140003
3390,2019-09-04,0,0,0.018737030381603903
1369,2019-09-04,0,0,7.833476486540647e-05
2478,2019-09-05,1,1,0.10105340719885181
16985,2019-09-05,0,1,-0.2460005410899938
2422,2019-09-05,1,0,0.12790369196843288
867,2019-09-05,0,1,-0.06416428718201372
2606,2019-09-05,0,0,-0.036049130343829616
4679,2019-09-05,1,0,0.13730870599138711
2207,2019-09-05,0,1,-0.10750166471205302
2617,2019-09-05,0,1,-0.11447470796960102
2125,2019-09-05,1,0,0.2974655533821773
2168,2019-09-05,1,0,0.23545582162662337
2310,2019-09-05,1,1,0.22488134770806356
1064,2019-09-05,1,0,0.08554627478799937
2780,2019-09-05,0,0,-0.06443376585332505
5754,2019-09-06,1,0,0.03704287213922863
1576,2019-09-06,1,0,0.03718371373872653
7039,2019-09-09,1,0,0.042164104971128546
1492,2019-09-09,0,0,-0.03131246493796147
51477,2019-09-09,0,0,-0.02172694491572713
1968,2019-09-10,0,1,-0.34894486957987614
1789,2019-09-10,0,0,-0.001261685783530364
2927,2019-09-10,1,0,0.1285493327314171
1733,2019-09-10,1,0,1.423162495798174
1632,2019-09-10,1,0,0.19122909368420538
1148,2019-09-11,0,0,-0.06735436597040334
811,2019-09-11,0,0,-0.009253739205648204
1288,2019-09-11,1,0,0.03981141876515348
2394,2019-09-12,1,0,0.04512211042741732
839,2019-09-12,0,0,-0.005968226533191512
1436,2019-09-17,0,0,-0.19589461780852113
166,2019-09-17,1,0,0.10412199413137135
755,2019-09-17,0,0,-0.042698348505364025
4430,2019-09-17,0,1,-0.0007597684928815074
418,2019-09-17,1,0,0.24266923250042027
895,2019-09-17,0,0,-0.07754199959438768
587,2019-09-18,0,0,-0.01378801756616932
615,2019-09-18,0,0,0.02606148503850525
1007,2019-09-19,1,1,0.15513055907931605
222,2019-09-19,0,0,-0.041841572820004114
1845,2019-09-23,0,0,-0.03939209479143557
194,2019-09-24,1,0,0.05464451768873135
51449,2019-09-24,0,0,0.009166261245511453
110,2019-09-24,0,0,0.012181676056314261
54,2019-09-24,0,0,-0.18434442847019528
3265,2019-09-24,1,1,0.187907289904238
26,2019-09-24,0,0,-0.08770726849892474
1660,2019-09-24,0,0,-0.0420064702728391
51436,2019-09-24,1,0,0.15800396993953125
51354,2019-09-25,0,0,-0.024242885173143214
1036,2019-09-25,0,0,-0.07669693145021073
51299,2019-09-25,1,0,0.07677935364793775
306,2019-09-25,0,1,-0.08546499531871421
51326,2019-09-25,1,0,0.3442161363547096
250,2019-09-26,0,0,-0.003956594089410959
671,2019-09-26,0,0,-0.15095457111432542
51382,2019-09-26,0,0,0.006160902938091017
334,2019-09-26,0,0,-0.10347962316148585
531,2019-09-26,0,0,-0.1127915258008193
9024,2019-09-26,1,0,0.09027959549411801
278,2019-09-26,1,0,0.06278292774466387
362,2019-09-26,0,0,-0.002493197563915195
82,2019-09-26,0,0,-0.10953376995523889
390,2019-09-26,1,0,0.03140353660468764
1397,2019-09-30,1,0,0.06728526171057192
51107,2019-10-01,0,0,-0.039243914176228634
1356,2019-10-01,0,0,-0.07861210995924528
51079,2019-10-01,1,0,0.06959030922739806
1176,2019-10-01,0,0,-0.34562630825978813
559,2019-10-02,1,0,0.05070717928105517
51162,2019-10-02,1,0,0.10753978778874562
51245,2019-10-02,1,0,0.03161275766786553
51217,2019-10-02,0,0,-0.12057884959954024
51190,2019-10-02,0,0,-0.10034158024665274
51134,2019-10-02,1,0,0.05595630573168109
51051,2019-10-03,0,1,0.0013054176181328536
51026,2019-10-03,0,0,-0.15707738949061267
50998,2019-10-03,0,0,-0.03251493547176465
1464,2019-10-03,1,0,0.07742111650757644
50970,2019-10-03,1,0,0.054797178577267736
783,2019-10-03,0,0,0.029297625550614548
50903,2019-10-08,1,0,0.0696938235547866
6080,2019-10-08,0,0,-0.4497154048962947
50942,2019-10-08,0,1,0.013659018134590473
50914,2019-10-08,0,1,-0.05009743926695742
50847,2019-10-10,0,0,-0.08413071984215559
50819,2019-10-11,0,0,-0.03282141630329283
50791,2019-10-11,1,0,0.12298595136432144
50651,2019-10-15,0,0,-0.05594406410746455
50459,2019-10-15,1,0,0.07849946718371825
50487,2019-10-15,0,0,-0.0016671638585890047
50571,2019-10-15,1,0,0.03604303744816795
50763,2019-10-15,0,0,0.02297813554567285
50627,2019-10-15,0,0,0.01190555803034199
50515,2019-10-15,0,0,0.003213023489833322
50543,2019-10-15,0,0,0.025745217732810133
50599,2019-10-15,0,0,-0.04766014540593089
50679,2019-10-15,1,0,0.04267520559039606
50735,2019-10-15,1,0,0.04445025340436559
50707,2019-10-15,1,1,0.1525314878021804
50431,2019-10-15,0,0,-0.02471473597683138
50403,2019-10-15,0,0,0.01953939310637276
46008,2019-10-16,0,0,0.01949147358917669
45980,2019-10-16,0,0,-0.0017040781863604249
45803,2019-10-16,1,0,0.05002046027543283
45831,2019-10-16,0,0,-0.0441354687353015
45859,2019-10-16,0,0,0.023895123095986515
45887,2019-10-16,1,0,0.0592562499410485
45915,2019-10-16,0,0,-0.004870820654116814
45927,2019-10-16,1,0,0.03486816237490631
45952,2019-10-16,0,0,-0.061006635569206824
46036,2019-10-16,0,0,0.012455750314671832
46145,2019-10-16,1,0,0.2696188059860005
46172,2019-10-16,0,0,0.007869114105502062
46200,2019-10-16,0,0,-0.06597168597592151
46224,2019-10-16,1,0,0.03923470648683791
46252,2019-10-16,0,0,-0.03252158384447856
45775,2019-10-16,0,0,-0.08286540159719114
45747,2019-10-16,1,0,0.06581427489498592
46304,2019-10-17,0,1,-0.12334074519184057
46332,2019-10-17,1,1,0.056216453461537697
46388,2019-10-17,1,0,0.04888776248085125
46416,2019-10-17,1,0,0.043686235607495405
46968,2019-10-17,0,0,-0.00545903155709504
46444,2019-10-17,0,0,0.006115098862816026
46472,2019-10-17,1,0,0.034898093712807166
46604,2019-10-17,1,0,0.09623081944318645
46856,2019-10-17,1,0,0.05713289966524693
46828,2019-10-17,0,0,0.0020715055272038096
46360,2019-10-17,0,0,0.016787801441689787
46772,2019-10-17,0,0,-0.018231806076604462
40914,2019-10-18,0,0,-0.007051104605465097
40942,2019-10-18,0,0,-0.009105152020310703
40991,2019-10-18,1,0,0.033033629132118936
41159,2019-10-18,0,0,-0.12173254518254617
41019,2019-10-18,1,0,0.10039636796252704
41131,2019-10-18,1,1,0.1254028872083015
41468,2019-10-21,1,1,0.1417477136723324
41378,2019-10-21,1,0,0.3822917846772347
41271,2019-10-21,0,0,-0.0419810405582528
41243,2019-10-21,1,0,0.10599449555231288
41215,2019-10-21,0,0,-0.05123193987923691
41187,2019-10-21,1,0,0.05028473082360363
41395,2019-10-21,0,0,-0.20873720799076112
42016,2019-10-22,0,0,0.011143546210676591
41988,2019-10-22,0,0,-0.006752197975914642
41960,2019-10-22,0,0,-0.17608722410358113
41932,2019-10-22,0,0,-0.009834764805827456
41907,2019-10-22,0,0,0.029661562116197526
42463,2019-10-22,0,0,-0.018586932545404444
41795,2019-10-22,0,0,-0.05738313766825587
42491,2019-10-22,1,0,0.04044405383152028
41627,2019-10-22,0,1,-0.1487721267164046
41599,2019-10-22,1,0,0.04531890285428197
41543,2019-10-22,0,0,-0.08712444913187412
41515,2019-10-22,0,0,-0.1010553045477024
41496,2019-10-22,0,0,-0.08021760081248563
41571,2019-10-22,0,0,-0.09956409031715696
42624,2019-10-22,0,0,-0.01607922824344521
42953,2019-10-22,1,0,0.10720408435621187
43087,2019-10-23,0,0,0.016913902696469307
43560,2019-10-23,0,0,0.0020197307726115277
43588,2019-10-23,0,0,-0.12014813345701159
43616,2019-10-23,0,1,-0.00790491722329123
44561,2019-10-23,1,0,0.051352952607584657
43644,2019-10-23,0,0,-0.04832000305185924
43227,2019-10-23,1,0,0.09757900666535368
43283,2019-10-23,1,1,0.2621574055241416
43672,2019-10-23,1,0,0.12388012187488218
43700,2019-10-23,1,0,0.07492010651383474
44116,2019-10-23,1,1,0.11254573540013069
43728,2019-10-23,1,0,0.08900918993971385
43367,2019-10-23,1,0,0.08182589028615572
43036,2019-10-23,1,1,0.19870424109525753
43756,2019-10-23,0,0,-0.08309970714507231
43199,2019-10-23,1,0,0.09370475934068145
43171,2019-10-23,0,0,-0.1267985308991837
43784,2019-10-23,0,0,0.017131173657872978
43143,2019-10-23,0,0,-0.08695874282156779
43255,2019-10-23,0,0,-0.02872983378982963
43115,2019-10-23,0,0,-0.1187198147176125
43812,2019-10-23,0,1,0.016882529701221394
43451,2019-10-23,1,0,0.19566678984813168
43395,2019-10-23,0,0,-0.04093261335550957
43504,2019-10-23,0,0,0.01804797085552745
43064,2019-10-23,0,0,-0.015123310263905121
43532,2019-10-23,1,0,0.13500925627776628
47723,2019-10-24,1,0,0.18869733758319085
47220,2019-10-24,1,0,0.050814556435735625
47136,2019-10-24,0,0,-0.02714998892541698
47695,2019-10-24,1,0,0.04332133784751391
47108,2019-10-24,0,0,-0.016510296855460238
47080,2019-10-24,0,0,-0.24296884530295337
47052,2019-10-24,1,0,0.06870123973219866
48281,2019-10-24,0,0,0.00017012909653613129
47024,2019-10-24,0,0,-0.00040832883113162133
48225,2019-10-24,1,0,0.04427226652147631
47248,2019-10-24,1,0,0.05058400642457661
48031,2019-10-24,1,0,0.07099034477879096
47276,2019-10-24,0,0,-0.06171310097496108
47751,2019-10-24,1,0,0.09011173107636306
47500,2019-10-24,0,0,-0.16688066767596887
48115,2019-10-24,0,0,0.012696301900854134
47472,2019-10-24,0,1,-0.05874752003118777
47779,2019-10-24,0,0,-0.14323630116564146
31999,2019-10-25,0,0,0.021807774381686684
32027,2019-10-25,1,0,0.10012338939685583
32306,2019-10-25,0,0,0.005131509971087134
32083,2019-10-25,1,0,0.04903160975758025
32222,2019-10-25,0,0,-0.017636428309031116
32055,2019-10-25,1,0,0.06027396266968288
31887,2019-10-25,0,0,-0.08953111967585481
31859,2019-10-25,0,0,-0.01181810639064218
32195,2019-10-25,1,0,0.06617803352133289
31915,2019-10-25,0,0,0.023793342734296008
32250,2019-10-25,1,0,0.06949987616026054
31732,2019-10-28,1,0,0.0455210823195451
30639,2019-10-28,0,0,-0.18577831823663082
31676,2019-10-28,1,0,0.22374116439951197
30667,2019-10-28,1,0,0.20512321737074202
30694,2019-10-28,0,0,0.017078114365731478
30349,2019-10-28,0,1,-0.3441722951608909
30722,2019-10-28,0,0,-0.02031769402920669
30611,2019-10-28,0,0,-0.02265728208203277
30338,2019-10-28,0,0,-0.0010420225606007083
30583,2019-10-28,1,0,0.20755643575077487
31704,2019-10-28,0,0,-0.03983640902324814
30750,2019-10-28,1,0,0.046559719915554076
31108,2019-10-28,0,0,-0.057181706197883875
30443,2019-10-28,1,1,0.19161977861001778
31164,2019-10-28,1,1,0.22460792535071872
31650,2019-10-28,0,0,-0.08690005584647242
30376,2019-10-28,0,0,0.0069020519412148484
30499,2019-10-28,1,0,0.0710126571038483
30555,2019-10-28,0,0,-0.04912196363595245
30471,2019-10-28,0,0,0.009236265042149139
32798,2019-10-29,0,0,-0.07668491104032904
33239,2019-10-29,0,0,0.013730927768510481
33129,2019-10-29,0,0,-0.008671739799069433
33211,2019-10-29,1,0,0.049482503329737026
32742,2019-10-29,0,0,-0.018624444062246948
32719,2019-10-29,0,1,-0.24254834080105125
33267,2019-10-29,0,0,-0.07177285121596311
32691,2019-10-29,0,0,-0.162508383961535
32663,2019-10-29,0,0,0.026912529744103963
32635,2019-10-29,0,0,0.0043226799401756555
32609,2019-10-29,0,0,-0.014779191048309714
32553,2019-10-29,0,0,-0.10244706515362834
32581,2019-10-29,0,0,-0.02636219235867976
33793,2019-10-29,1,0,0.08463241867154503
32529,2019-10-29,1,0,0.04358389853779765
40674,2019-10-30,1,1,0.03404297011123347
37056,2019-10-30,0,0,0.0010793748872175435
40646,2019-10-30,1,0,0.08193223283584228
40701,2019-10-30,0,0,0.02540609152357942
40514,2019-10-30,1,0,0.1456116384572077
37000,2019-10-30,1,0,0.13709756211030988
37721,2019-10-30,0,0,-0.07738801936672113
40258,2019-10-30,1,0,0.10086108850020281
37588,2019-10-30,0,0,-0.013706330258339339
40534,2019-10-30,0,1,0.02300375302554669
40718,2019-10-30,0,1,0.019430638868686456
36153,2019-10-30,0,0,-0.08460985962526102
36097,2019-10-30,0,0,-0.019620051365715985
36086,2019-10-30,1,0,0.11852540850399307
36058,2019-10-30,0,0,-0.13978625505324882
36039,2019-10-30,0,0,-0.03626404724802601
39887,2019-10-30,0,0,0.015593927982194389
39915,2019-10-30,1,0,0.08638120287806039
39943,2019-10-30,1,1,0.10239924590370952
40208,2019-10-30,0,0,-0.00025476481111463833
39865,2019-10-30,0,0,-0.11534107916436753
37196,2019-10-30,0,0,-0.03401223379148244
35983,2019-10-30,1,0,0.044868802486663695
36459,2019-10-30,0,0,-0.11009577754278788
37364,2019-10-30,1,1,0.19028525360571735
40746,2019-10-30,1,1,0.24898174514764526
37140,2019-10-30,0,0,-0.2655344693102162
36011,2019-10-30,0,0,-0.008069808796955957
36125,2019-10-30,1,0,0.12372123784172828
30188,2019-10-31,1,0,0.07038645596769388
26374,2019-10-31,0,0,-0.00401678365938829
26389,2019-10-31,0,1,0.018118339616807422
26999,2019-10-31,0,0,0.021934032870228215
26749,2019-10-31,0,0,-0.10349257855777971
26637,2019-10-31,0,0,-0.11547455596152745
26554,2019-10-31,0,0,-0.04305154290968105
26498,2019-10-31,0,0,-0.29084948685820167
26346,2019-10-31,0,0,-0.2575942592548547
26321,2019-10-31,0,0,-0.21485529172978435
9640,2019-11-01,0,0,-0.0003163817063120966
9836,2019-11-01,0,1,-0.01371649314288459
9862,2019-11-01,1,0,0.2044388480825241
9914,2019-11-01,1,0,0.04984435402502885
10281,2019-11-01,1,0,0.25441602071042424
10305,2019-11-01,1,1,0.12452625710546883
9696,2019-11-01,1,0,0.04090211782829467
9808,2019-11-01,1,0,0.031159472917329234
10333,2019-11-01,1,0,0.04819162916561881
10470,2019-11-01,0,0,0.0019072718100865416
10497,2019-11-01,1,0,0.10936177153643123
9724,2019-11-01,0,0,-0.016731615042315573
10525,2019-11-01,1,0,0.0312345327491661
9780,2019-11-01,1,0,0.03368783459669822
9668,2019-11-01,0,1,0.003802533642390138
10753,2019-11-04,0,0,-0.18567563802377562
10781,2019-11-04,1,1,0.11874543368583534
10725,2019-11-04,0,0,-0.17533516162299045
10836,2019-11-04,1,0,0.07290736917511897
10808,2019-11-04,1,0,0.11709704058793458
13120,2019-11-04,1,0,0.18133187553294294
11263,2019-11-04,0,0,-0.003662079569660026
10995,2019-11-04,0,0,-0.01627936749312675
11023,2019-11-04,0,0,0.0074098167914169455
19508,2019-11-05,1,1,0.27023768076249044
20993,2019-11-05,0,0,-0.10690104950438362
19485,2019-11-05,0,0,-0.10460453401176606
18836,2019-11-05,1,0,0.07177536711985688
19564,2019-11-05,0,0,-0.27771379334934854
21019,2019-11-05,1,0,0.04794388308307562
18811,2019-11-05,1,1,0.14609572397259463
18375,2019-11-05,0,0,-0.049859716162215406
18117,2019-11-05,0,0,0.026025792276768822
17954,2019-11-05,0,0,-0.10945380152497686
18770,2019-11-05,0,0,-0.007773954341427691
19781,2019-11-05,1,0,0.09563313548579755
21702,2019-11-06,1,0,0.11082963849736949
21632,2019-11-06,0,0,0.01950009648497475
21727,2019-11-06,1,0,0.569096305002343
21674,2019-11-06,1,0,0.1529820331248739
21755,2019-11-06,1,0,0.060679087108250984
21646,2019-11-06,0,0,-0.11092968008593651
26138,2019-11-06,0,0,0.017785184108029428
25978,2019-11-06,0,0,-0.08726935307026684
21783,2019-11-06,1,0,0.13252871824598444
22608,2019-11-06,0,0,-0.06722026288751282
21849,2019-11-06,0,0,-0.01745951763647602
21877,2019-11-06,0,0,-0.3103981491327027
21905,2019-11-06,1,0,0.09098315978254146
23962,2019-11-06,1,0,0.03609058513338814
23665,2019-11-06,0,1,0.02802197433076925
23590,2019-11-06,0,0,-0.16301090976650934
23102,2019-11-06,1,0,0.1056317310148962
13914,2019-11-07,1,0,0.06633867192920273
13886,2019-11-07,1,0,0.13922544582871255
13254,2019-11-07,0,1,-0.04998990612038057
13307,2019-11-07,1,0,0.1695880355702668
14673,2019-11-07,0,1,0.016796356522920552
13386,2019-11-07,0,0,-0.06725562816689346
13970,2019-11-07,0,0,-0.003361420255520109
13282,2019-11-07,0,0,-0.10447632726117295
14050,2019-11-07,0,0,-0.16971614872226926
13226,2019-11-07,0,0,0.02971870748546035
13414,2019-11-07,1,0,0.07559949194057314
13442,2019-11-07,0,0,0.017521250298304203
13470,2019-11-07,1,0,0.09611762589066575
14217,2019-11-07,1,0,0.03741607415254444
13646,2019-11-07,0,0,-0.012345239861255353
13862,2019-11-07,0,0,0.006198168312295138
13618,2019-11-07,0,0,-0.08839801295761218
14303,2019-11-07,1,0,0.18051520990137826
13838,2019-11-07,0,0,-0.061997545610769755
7647,2019-11-08,0,0,0.012303424945482089
7949,2019-11-08,0,0,-0.20471577951278142
7619,2019-11-08,0,0,-0.051730710552458814
7865,2019-11-08,0,0,-0.04038204687609215
7675,2019-11-08,1,1,0.33973260179434295
7591,2019-11-08,0,0,0.01888341142739458
7703,2019-11-08,0,0,-0.07326272506888465
7838,2019-11-08,1,0,0.05519409986341839
6708,2019-11-11,1,0,0.06252639957827077
6857,2019-11-11,0,0,-0.143356852252013
6931,2019-11-11,0,0,-0.09057578493191254
6680,2019-11-11,1,0,0.2423728430368628
9172,2019-11-12,0,0,-0.05981991929235431
8789,2019-11-12,0,0,-0.3024379378421046
8604,2019-11-12,0,0,-0.10548295909285021
8277,2019-11-12,1,0,0.16287765887622707
8123,2019-11-12,1,0,0.06303988607820643
8978,2019-11-12,0,0,-0.3334253230252232
8421,2019-11-12,1,0,0.03399922406788036
9000,2019-11-12,0,0,-0.10764806430458174
8230,2019-11-12,1,0,0.09333691234951891
9043,2019-11-12,0,0,-0.08255439633344885
8202,2019-11-12,0,0,0.021482966745348886
8095,2019-11-12,0,0,-0.06756559765701642
8082,2019-11-12,1,0,0.10011710894247594
9145,2019-11-12,1,0,0.05493264102750817
8305,2019-11-12,0,0,-0.026288788900658444
7152,2019-11-13,0,0,-0.11359127685986636
7040,2019-11-13,0,0,-0.08224831088231488
7124,2019-11-13,1,0,0.04890582544415922
7068,2019-11-13,1,0,0.08277855008888646
7275,2019-11-13,1,0,0.0434210494140197
7012,2019-11-13,0,0,-0.05659294926992253
7465,2019-11-13,1,1,0.1845316372488306
7517,2019-11-13,0,0,-0.03012976824646263
6600,2019-11-14,0,0,-0.017215115722307495
6666,2019-11-14,0,0,-0.07745227657526621
6295,2019-11-14,0,0,-0.14271991925292893
6518,2019-11-14,0,1,0.023600481713072385
6218,2019-11-14,0,1,-0.023530122298021316
6137,2019-11-14,0,0,0.007967091937153725
6345,2019-11-14,1,0,0.045956465743425934
6401,2019-11-14,0,0,-0.1771647818584139
6165,2019-11-14,1,0,0.09502020318733861
6109,2019-11-14,0,0,-0.02086259038933047
6323,2019-11-14,0,0,-0.9312147570381044
6373,2019-11-14,0,0,-0.043385003116617415
6029,2019-11-15,1,0,0.03433008705429064
6057,2019-11-15,1,0,0.12312387150827919
6081,2019-11-15,0,0,-0.11406417957589621
3904,2019-11-18,1,0,0.04503306940371177
3976,2019-11-18,0,0,-0.09410334031431122
3876,2019-11-18,0,0,-0.04377635280223846
5294,2019-11-19,0,0,-0.011478521151337517
5322,2019-11-19,1,0,0.10852771674485329
5098,2019-11-19,0,0,-0.04589534250834981
5238,2019-11-19,0,0,0.009230824965156259
5210,2019-11-19,0,0,-0.21201562134345409
5348,2019-11-19,0,0,0.01914043271305199
5126,2019-11-19,1,0,0.03424866136526128
5376,2019-11-19,0,0,0.0025240503709913487
5266,2019-11-19,1,0,0.04493131448502696
4874,2019-11-20,0,0,-0.05889011044614478
4930,2019-11-20,1,1,0.068568443044982
5070,2019-11-20,0,0,-0.0013603317994828057
4902,2019-11-20,1,0,0.0314777569480047
5042,2019-11-20,0,0,-0.1701282370131808
5014,2019-11-20,0,0,-0.17701360528543197
4846,2019-11-20,0,0,-0.04987737403541481
4986,2019-11-20,1,0,0.0550821577810896
4818,2019-11-20,1,1,0.12555268673189124
5865,2019-11-21,0,0,-0.0014984071105539343
5755,2019-11-21,0,0,-0.028385845084493044
5594,2019-11-21,0,0,0.01266865348738122
5482,2019-11-21,0,0,-0.09684458826910969
5921,2019-11-21,0,0,-0.003040609861205912
5454,2019-11-21,1,0,0.11383531529166646
5620,2019-11-21,1,0,0.13369573774681398
5566,2019-11-21,0,1,0.004757142959546545
3792,2019-11-22,1,1,0.20159274559241913
3820,2019-11-22,0,0,0.011609040053718322
3419,2019-11-25,0,1,-0.09517580055936536
3624,2019-11-25,0,0,-0.058938905248400286
3736,2019-11-25,0,0,0.013861204947837935
3596,2019-11-25,0,0,-0.05990142100603302
3484,2019-11-25,0,0,-0.09531331962244538
3540,2019-11-25,1,0,0.4708227144825352
3512,2019-11-25,0,0,0.02041513594833022
3391,2019-11-25,0,0,-0.10434811604507754
3568,2019-11-25,0,0,-0.11081028894082179
4459,2019-11-26,0,0,-0.028643685276211195
4347,2019-11-26,0,0,-0.11759920845185645
4187,2019-11-26,0,0,-0.07444036271265098
4291,2019-11-26,0,0,0.0033894649351149386
4084,2019-11-26,1,0,0.13127603899603058
4112,2019-11-26,0,0,-0.02619229157376124
4056,2019-11-26,0,0,0.014630900169367855
4243,2019-11-26,1,0,0.038532061350706304
4319,2019-11-26,1,0,0.10721900938071749
4215,2019-11-26,1,0,0.11576290346137208
4263,2019-11-26,0,0,-0.0024199250165084507
4403,2019-11-26,1,0,0.08925632891358548
4543,2019-11-26,1,0,0.037060699735592895
4028,2019-11-26,0,0,-0.04399129744467711
3363,2019-11-27,0,0,-0.04568094021932256
3307,2019-12-02,1,0,0.045433460593509056
3335,2019-12-02,0,0,-0.0836864692462006
1997,2019-12-03,0,0,-0.0872525528705389
2046,2019-12-03,0,0,0.008478233014621805
1928,2019-12-03,0,0,-0.04346865041776571
2100,2019-12-03,0,0,-0.01123161541740858
1969,2019-12-03,1,1,0.07031326528249227
2018,2019-12-03,1,1,0.04568745034354693
1956,2019-12-03,0,0,-0.014352817178273636
2928,2019-12-04,1,1,0.22389892806397382
2900,2019-12-04,1,1,0.05590027217633731
2956,2019-12-04,0,0,-0.008222535502077966
3007,2019-12-04,0,0,-0.06558778155654377
3266,2019-12-04,0,0,-0.005024003009957201
3238,2019-12-04,1,0,0.042956039029875326
3035,2019-12-04,0,0,0.004397956777827838
2197,2019-12-05,1,0,0.13282739850535985
2223,2019-12-05,0,0,-0.06128933088703359
2367,2019-12-05,0,0,-0.037219285547531844
2479,2019-12-05,1,0,0.12936088741573326
2862,2019-12-05,1,0,0.21665061848714506
2249,2019-12-05,0,1,-0.09202330577750495
2834,2019-12-05,0,1,-0.06012587000358072
1549,2019-12-06,1,0,0.268845047835059
1357,2019-12-09,1,0,0.14832499165393198
1493,2019-12-09,0,0,-0.08340323701614472
1465,2019-12-09,1,1,0.2496171636590312
1398,2019-12-09,0,0,-0.007177910575839719
1370,2019-12-09,0,0,-0.11987038384265547
1437,2019-12-09,1,0,0.08380078291354076
1818,2019-12-10,0,0,-0.1503231480209959
1762,2019-12-10,0,0,-0.37652545893856215
1734,2019-12-10,0,0,-0.2607871616015103
1661,2019-12-10,1,0,0.06878821911499133
1874,2019-12-10,0,0,-0.04617311223943532
1633,2019-12-10,0,0,-0.09283874127944447
1093,2019-12-11,1,1,0.2741728540371532
1317,2019-12-11,0,1,-0.018951746188009433
1149,2019-12-11,0,1,-0.2046025330202832
1289,2019-12-11,0,0,-0.0014385744443339288
1065,2019-12-11,0,0,-0.025877116780712694
868,2019-12-12,1,0,0.10937411424125187
812,2019-12-12,0,0,-0.039266672516925616
784,2019-12-12,0,0,-0.03496658691637078
756,2019-12-12,0,0,0.0195219940853415
840,2019-12-12,0,0,-0.015917036800552786
728,2019-12-16,0,0,-0.0895553218136762
1037,2019-12-17,1,1,0.11528542995261826
896,2019-12-17,0,0,-0.07510936293027559
980,2019-12-17,0,0,-0.12068256658131815
1008,2019-12-17,1,1,0.18744179788804027
924,2019-12-17,0,1,0.018522239183981215
588,2019-12-18,0,0,-0.022065692916178214
560,2019-12-18,0,0,-0.021799760381981725
616,2019-12-18,0,0,-0.11523520422267086
532,2019-12-18,1,0,0.127867842400887
644,2019-12-18,0,0,-0.0586041659134694
251,2019-12-19,0,0,0.012676120811572211
419,2019-12-19,0,0,-0.1905872731477133
307,2019-12-19,1,0,0.13958487195541736
363,2019-12-19,0,0,-0.10341617494242827
195,2019-12-19,0,1,0.010299213187388023
335,2019-12-19,0,0,-0.003933080758497631
223,2019-12-19,0,0,-0.10575045483769696
279,2019-12-19,1,0,0.1439283895258392
447,2019-12-19,0,0,-0.010158884135977875
55,2019-12-20,1,0,0.18702025907220876
83,2019-12-20,1,0,0.09404096307200294
27,2019-12-23,0,0,-0.035152427230708105
